Timestamp,How old are you?,Gender,Where do you currently live?,Did you know that farming uses a lot of water to grow food?,"Do you think farming uses more water than other industries, like factories or power plants?",Have you heard of methods like drip irrigation (watering plants slowly with pipes) or collecting rainwater to save water in farming?,Do you think water-saving methods can help farmers use water better?,What do you think is the biggest problem with water use in farming today?,Would you be okay with using recycled water (from homes or factories) for farming if it helps save fresh water?,"In your opinion, what is the biggest challenge farmers face when it comes to managing water for agriculture?",Should the government help farmers save water and use it wisely?,Do you practice rainwater harvesting?,"How do you feel about the use of technology (e.g., sensors, drones, automated irrigation) to improve water management in farming?",Are you aware of water-efficient technologies (like drip irrigation or soil moisture sensors) to improve water use?,Would you be interested in receiving training on water conservation methods?
2025/02/24 7:25:03 PM GMT+5:30,10-18 years,Male,Hostel,No,No,Yes,"No, definitely",Climate change (changes in weather),No,Unpredictable weather,Yes,No,Neutral,No,Maybe
2025/02/24 7:26:26 PM GMT+5:30,19-30 years,Male,Mandya ,Yes,No,Yes,"Yes, definitely",Climate change (changes in weather),Not sure,Lack of access to water,Yes,No,Supportive,Yes,No
2025/02/24 7:26:59 PM GMT+5:30,31-45 years,Female,Hsjm,Not sure,No,,"Yes, definitely",Too much water used,Not sure,Overuse of water resources,No,Not sure,Not supportive,Yes,Maybe
2025/02/24 7:27:41 PM GMT+5:30,10-18 years,Male,Bangalore ,Yes,Not sure,Yes,"Yes, definitely",Not enough new technology,Yes,Lack of access to water,Yes,Not sure,Supportive,No,Maybe
2025/02/24 7:29:40 PM GMT+5:30,10-18 years,Female,Bengaluru,Yes,Not sure,Yes,"Yes, definitely",Not enough new technology,Yes,Overuse of water resources,Yes,No,Neutral,Yes,Maybe
2025/02/24 7:31:50 PM GMT+5:30,10-18 years,Female,Bangalore ,Yes,Not sure,Yes,"Yes, definitely",Climate change (changes in weather),Yes,Overuse of water resources,Not sure,Not sure,Neutral,Yes,Yes
2025/02/24 7:32:17 PM GMT+5:30,31-45 years,Female,Hubli,Yes,No,No,"Yes, definitely",Not enough new technology,Yes,High cost of irrigation systems,Yes,No,Not sure,No,Yes
2025/02/24 7:32:47 PM GMT+5:30,10-18 years,Female,Mysore ,Yes,No,Not sure,"Yes, definitely",Not enough new technology,No,Lack of access to water,Not sure,No,Supportive,Yes,No
2025/02/24 7:39:36 PM GMT+5:30,19-30 years,Female,Kanakpura,No,No,Yes,"Yes, definitely",Climate change (changes in weather),No,Overuse of water resources,Yes,Yes,Neutral,Yes,Yes
2025/02/24 7:40:09 PM GMT+5:30,19-30 years,Female,Banglore ,Yes,No,Yes,"Yes, definitely",Climate change (changes in weather),No,Overuse of water resources,Yes,No,Neutral,No,Maybe
2025/02/24 7:41:03 PM GMT+5:30,10-18 years,Male,Home,Yes,Yes,No,"Yes, definitely",Climate change (changes in weather),Yes,Overuse of water resources,Yes,No,Supportive,Yes,Yes
2025/02/24 7:41:06 PM GMT+5:30,19-30 years,Female,Bengaluru ,Yes,No,No,"Yes, definitely",Not enough new technology,Not sure,Lack of access to water,No,No,Supportive,Yes,Yes
2025/02/24 7:41:41 PM GMT+5:30,19-30 years,Male,Bangalore,Yes,Yes,Yes,"Yes, definitely",Climate change (changes in weather),Not sure,Lack of access to water,Yes,Yes,Neutral,Yes,Yes
2025/02/24 7:42:26 PM GMT+5:30,10-18 years,Male,Bellale,Yes,Yes,Yes,"Yes, definitely",Not enough new technology,Yes,Lack of access to water,Yes,No,Supportive,Yes,No
2025/02/24 7:46:57 PM GMT+5:30,19-30 years,Female,Mysuru ,Not sure,No,Yes,"Yes, definitely",Climate change (changes in weather),Not sure,Lack of access to water,Yes,No,Very supportive,Yes,Yes
2025/02/24 7:48:05 PM GMT+5:30,19-30 years,Female,Bengaluru,Yes,No,Yes,"Yes, definitely",Not enough new technology,Yes,Unpredictable weather,Yes,Yes,Very supportive,Yes,Yes
2025/02/24 7:50:58 PM GMT+5:30,19-30 years,Male,Mandya,No,No,Yes,"Yes, definitely",Climate change (changes in weather),No,Unpredictable weather,Yes,Not sure,Supportive,Yes,Yes
2025/02/24 7:52:00 PM GMT+5:30,19-30 years,Female,Bengaluru,Yes,No,Yes,"Yes, definitely",Climate change (changes in weather),Yes,Overuse of water resources,Yes,No,Neutral,Yes,Yes
2025/02/24 7:52:37 PM GMT+5:30,10-18 years,Female,Banglore ,Yes,Yes,Yes,Not sure,Climate change (changes in weather),Yes,Lack of access to water,Yes,No,Neutral,No,Yes
2025/02/24 7:55:49 PM GMT+5:30,10-18 years,Female,Mysore ,Not sure,Not sure,Yes,"Yes, definitely",Too much water used,Yes,Lack of access to water,Yes,No,Very supportive,Yes,Yes
2025/02/24 7:56:48 PM GMT+5:30,19-30 years,Female,Mysore ,Yes,No,Yes,"Yes, definitely",Climate change (changes in weather),Yes,Lack of access to water,Yes,Yes,Supportive,Yes,Yes
2025/02/24 7:57:48 PM GMT+5:30,19-30 years,Female,Mandya ,Yes,Yes,Yes,"Yes, definitely",Climate change (changes in weather),Yes,Lack of access to water,Yes,No,Supportive,Yes,Yes
2025/02/24 7:59:36 PM GMT+5:30,10-18 years,Female,Mysore ,Yes,No,Yes,"Yes, definitely",Method of utilising ,Yes,Unpredictable weather,Yes,Yes,Supportive,Yes,Yes
2025/02/24 8:00:11 PM GMT+5:30,31-45 years,Female,Mandya,No,No,Yes,"Yes, definitely",Climate change (changes in weather),Yes,Unpredictable weather,Yes,Yes,Neutral,Yes,No
2025/02/24 8:05:37 PM GMT+5:30,46-60 years,Female,Mandya,Yes,No,Yes,"Yes, definitely",Not enough new technology,Yes,Overuse of water resources,Yes,No,Supportive,Yes,No
2025/02/24 8:05:54 PM GMT+5:30,19-30 years,Male,Karnataka ,Yes,No,Yes,"Yes, definitely",Climate change (changes in weather),Yes,Unpredictable weather,Yes,Yes,Neutral,Yes,No
2025/02/24 8:11:13 PM GMT+5:30,46-60 years,Female,Mandya,Yes,No,Yes,"Yes, definitely",Climate change (changes in weather),No,Lack of access to water,Yes,No,Neutral,Yes,No
2025/02/24 8:15:37 PM GMT+5:30,46-60 years,Female,Mandya,Yes,Yes,Yes,"Yes, definitely",Not enough new technology,No,Lack of access to water,Yes,No,Not sure,No,No
2025/02/24 8:17:18 PM GMT+5:30,10-18 years,Female,Hassan,Yes,Yes,Yes,"Yes, definitely",Not enough new technology,Yes,Lack of access to water,Yes,No,Supportive,Yes,Yes
2025/02/24 8:21:24 PM GMT+5:30,10-18 years,Female,Mysuru,Not sure,No,Yes,"Yes, definitely",Not enough new technology,No,Overuse of water resources,Yes,Yes,Supportive,Yes,Yes
2025/02/24 8:26:51 PM GMT+5:30,19-30 years,Female,Mysore,Yes,No,Yes,"Yes, definitely",Not enough new technology,Not sure,Lack of access to water,Yes,No,Supportive,Yes,No
2025/02/24 8:27:07 PM GMT+5:30,19-30 years,Male,Mysore ,Yes,Not sure,Yes,"Yes, definitely",,Not sure,Overuse of water resources,Yes,Not sure,Neutral,Yes,Yes
2025/02/24 8:28:14 PM GMT+5:30,19-30 years,Female,Mysore,Yes,No,Yes,"Yes, definitely",Climate change (changes in weather),No,Lack of access to water,Yes,No,Very supportive,Yes,Yes
2025/02/24 8:28:49 PM GMT+5:30,19-30 years,Female,Bengaluru ,Yes,No,Yes,"Yes, definitely",Climate change (changes in weather),Yes,Lack of access to water,No,No,Supportive,Yes,No
2025/02/24 8:30:01 PM GMT+5:30,19-30 years,Female,Bengaluru,Yes,Not sure,Yes,"Yes, definitely",Climate change (changes in weather),Not sure,Lack of access to water,Yes,No,Supportive,No,No
2025/02/24 8:30:28 PM GMT+5:30,19-30 years,Female,Mysuru ,Yes,Yes,Yes,"Yes, definitely",Climate change (changes in weather),Yes,Lack of access to water,Yes,No,Supportive,No,Yes
2025/02/24 8:30:44 PM GMT+5:30,19-30 years,Female,Mysore ,Yes,Yes,Yes,"Yes, definitely",Not enough new technology,Yes,Lack of access to water,Yes,No,Supportive,Yes,Yes
2025/02/24 8:31:52 PM GMT+5:30,46-60 years,Female,Banglor ,Yes,Yes,Yes,"Yes, definitely",Climate change (changes in weather),Yes,Unpredictable weather,Yes,No,Neutral,Yes,Yes
2025/02/24 8:31:58 PM GMT+5:30,19-30 years,Male,Bangalore ,Yes,No,Yes,"Yes, definitely",Climate change (changes in weather),Yes,Lack of access to water,Yes,No,Very supportive,Yes,No
2025/02/24 8:32:06 PM GMT+5:30,10-18 years,Male,"Andhrapradesh,anantapur",Yes,Yes,Yes,"Yes, definitely",Not enough new technology,No,Overuse of water resources,Yes,No,Neutral,Yes,Yes
2025/02/24 8:32:57 PM GMT+5:30,19-30 years,Male,Mysore,Yes,Yes,Yes,"Yes, definitely",Fertilizers and chemical mixing into water and thus polluting water,Yes,Lack of access to water,Yes,Yes,Supportive,No,Yes
2025/02/24 8:33:13 PM GMT+5:30,10-18 years,Male,Bangalore ,Yes,Yes,Yes,"Yes, definitely",Climate change (changes in weather),Yes,Overuse of water resources,Yes,Not sure,Neutral,Yes,No
2025/02/24 8:37:48 PM GMT+5:30,19-30 years,Male,Mysore ,Yes,No,Yes,"Yes, definitely",Climate change (changes in weather),Yes,Lack of access to water,Yes,No,Not supportive,No,
2025/02/24 8:44:32 PM GMT+5:30,10-18 years,Male,Mysuru,Yes,No,Yes,"Yes, definitely",Not enough new technology,Yes,Lack of access to water,Yes,Not sure,Not supportive,Yes,No
2025/02/24 8:44:49 PM GMT+5:30,19-30 years,Male,Andhra Pradesh ,Yes,No,Not sure,"Yes, definitely",Climate change (changes in weather),No,Lack of access to water,Not sure,Not sure,Not sure,Yes,No
2025/02/24 8:45:09 PM GMT+5:30,10-18 years,Male,ap,Yes,Yes,Yes,"Yes, definitely",Climate change (changes in weather),Not sure,Lack of access to water,Yes,No,Very supportive,Yes,No
2025/02/24 8:45:25 PM GMT+5:30,19-30 years,Male,Hyderabad ,Yes,Not sure,Yes,"Yes, definitely",Climate change (changes in weather),Not sure,Unpredictable weather,Yes,No,Supportive,Yes,No
2025/02/24 8:46:06 PM GMT+5:30,10-18 years,Female,Andhra Pradesh ,Yes,No,Yes,"Yes, definitely",Climate change (changes in weather),No,Overuse of water resources,Yes,No,Neutral,No,No
2025/02/24 8:50:31 PM GMT+5:30,19-30 years,Female,Bangalore ,Yes,Yes,Yes,"Yes, definitely",Climate change (changes in weather),Yes,High cost of irrigation systems,Yes,No,Not sure,Yes,Maybe
2025/02/24 8:52:27 PM GMT+5:30,10-18 years,Female,Mangalore ,Yes,No,No,"Yes, definitely",Too much water used,No,Lack of access to water,Yes,Yes,Neutral,Yes,Yes
2025/02/24 8:53:47 PM GMT+5:30,31-45 years,Female,Udupi,Yes,Yes,Yes,Not sure,Not enough new technology,Not sure,Overuse of water resources,Not sure,Yes,Very supportive,Yes,
2025/02/24 8:55:15 PM GMT+5:30,19-30 years,Male,Mandya,Yes,Yes,Yes,Not sure,Climate change (changes in weather),Not sure,Lack of access to water,Not sure,Yes,Supportive,Yes,Yes
2025/02/24 8:55:50 PM GMT+5:30,10-18 years,Male,Mysuru,Not sure,Not sure,Yes,Not sure,Climate change (changes in weather),Not sure,Lack of access to water,No,Yes,Very supportive,Yes,Yes
2025/02/24 8:56:19 PM GMT+5:30,10-18 years,Male,Mysore ,Yes,Not sure,Yes,"Yes, definitely",Unsustainable management of this precious resources ,Yes,Unpredictable weather,Yes,Yes,Neutral,Yes,No
2025/02/24 8:56:55 PM GMT+5:30,10-18 years,Male,Mangalore,Yes,Yes,Yes,"Yes, definitely",Not enough new technology,Yes,Overuse of water resources,Yes,No,Supportive,Yes,Yes
2025/02/24 8:58:57 PM GMT+5:30,10-18 years,Female,Bangalore ,Yes,Yes,Yes,"Yes, definitely",Climate change (changes in weather),Yes,High cost of irrigation systems,Yes,No,Supportive,Yes,Yes
2025/02/24 8:59:22 PM GMT+5:30,19-30 years,Female,Mandya,Yes,Yes,Yes,"Yes, definitely",Climate change (changes in weather),Yes,Lack of access to water,Not sure,No,Supportive,Yes,Yes
2025/02/24 9:01:27 PM GMT+5:30,31-45 years,Female,Mysuru,Not sure,Yes,No,"No, definitely",Climate change (changes in weather),Yes,Overuse of water resources,Yes,Yes,Very supportive,Yes,Yes
2025/02/24 9:02:10 PM GMT+5:30,10-18 years,Female,Mysuru,Yes,No,No,Not sure,Not enough new technology,Yes,Lack of access to water,Yes,No,Supportive,Yes,Yes
2025/02/24 9:02:36 PM GMT+5:30,10-18 years,Male,Mysuru,Yes,Yes,Yes,"Yes, definitely",Not enough new technology,No,Lack of access to water,Not sure,No,Supportive,Yes,Yes
2025/02/24 9:03:11 PM GMT+5:30,19-30 years,Male,Bangalore ,Yes,Yes,Yes,"Yes, definitely",Climate change (changes in weather),Yes,Lack of access to water,Yes,Yes,Supportive,Yes,Yes
2025/02/24 9:03:52 PM GMT+5:30,31-45 years,Female,Mandya,Yes,Yes,No,"Yes, definitely",Not enough new technology,No,Overuse of water resources,No,No,Neutral,Yes,Yes
2025/02/24 9:04:27 PM GMT+5:30,19-30 years,Female,Mandya,Yes,Yes,Yes,"Yes, definitely",Too much water used,No,Lack of access to water,No,No,Very supportive,Yes,Yes
2025/02/24 9:05:08 PM GMT+5:30,19-30 years,Male,Mandya,Yes,Yes,Yes,"No, definitely",Not enough new technology,No,Lack of access to water,No,No,Neutral,Yes,Yes
2025/02/24 9:05:32 PM GMT+5:30,10-18 years,Female,Bangalore ,Yes,Not sure,Yes,"Yes, definitely",Climate change (changes in weather),Yes,Overuse of water resources,Yes,Yes,Very supportive,Yes,No
2025/02/24 9:07:10 PM GMT+5:30,46-60 years,Female,Mandya,Yes,Yes,Yes,"No, definitely",Climate change (changes in weather),Yes,Lack of access to water,Yes,Yes,Supportive,Yes,Yes
2025/02/24 9:07:40 PM GMT+5:30,19-30 years,Female,Mandya,Yes,Yes,Yes,"Yes, definitely",Climate change (changes in weather),Yes,Overuse of water resources,Yes,Yes,Very supportive,Yes,Yes
2025/02/24 9:08:14 PM GMT+5:30,19-30 years,Male,Mandya,No,No,Yes,"Yes, definitely",Climate change (changes in weather),Yes,Lack of access to water,Yes,No,Very supportive,Yes,Yes
2025/02/24 9:09:06 PM GMT+5:30,31-45 years,Female,Bangalore ,Yes,Yes,Yes,"Yes, definitely",Climate change (changes in weather),Yes,Lack of access to water,Yes,Not sure,Neutral,Yes,Yes
2025/02/24 9:09:12 PM GMT+5:30,19-30 years,Male,Mandya,Yes,No,Yes,"Yes, definitely",Climate change (changes in weather),Yes,Lack of access to water,Yes,No,Supportive,Yes,Yes
2025/02/24 9:09:59 PM GMT+5:30,19-30 years,Male,Mandya,No,No,Yes,"Yes, definitely",Climate change (changes in weather),Yes,Lack of access to water,Yes,No,Very supportive,Yes,Yes
2025/02/24 9:10:42 PM GMT+5:30,46-60 years,Female,Mandya,Yes,No,Yes,"Yes, definitely",Not enough new technology,Yes,Lack of access to water,Yes,No,Neutral,Yes,No
2025/02/24 9:11:26 PM GMT+5:30,46-60 years,Male,Mysore,Yes,No,Yes,"Yes, definitely",Climate change (changes in weather),Yes,Lack of access to water,Yes,No,Very supportive,Yes,Yes
2025/02/24 9:17:32 PM GMT+5:30,31-45 years,Male,Mysore,No,Yes,Yes,"Yes, definitely",Climate change (changes in weather),No,Lack of access to water,Yes,Yes,Very supportive,Yes,Yes
2025/02/24 9:18:23 PM GMT+5:30,31-45 years,Female,Banglore,No,No,Yes,"Yes, definitely",Climate change (changes in weather),No,Overuse of water resources,Yes,No,Supportive,Yes,Yes
2025/02/24 9:19:17 PM GMT+5:30,19-30 years,Female,Banglore,No,No,Yes,"Yes, definitely",Climate change (changes in weather),No,Overuse of water resources,Yes,Yes,Supportive,Yes,Yes
2025/02/24 9:20:46 PM GMT+5:30,31-45 years,Female,Banglore,No,No,Yes,"Yes, definitely",Not enough new technology,No,Lack of access to water,Yes,No,Neutral,Yes,Maybe
2025/02/24 9:21:26 PM GMT+5:30,31-45 years,Female,Banglore,Yes,No,Yes,"Yes, definitely",Not enough new technology,Yes,Lack of access to water,Yes,No,Supportive,Yes,No
2025/02/24 9:23:13 PM GMT+5:30,31-45 years,Female,Banglore,Yes,No,Yes,"Yes, definitely",Not enough new technology,No,Lack of access to water,Yes,No,Supportive,Yes,Maybe
2025/02/24 9:24:45 PM GMT+5:30,46-60 years,Female,Bangalore ,Yes,Yes,Yes,"Yes, definitely",Not enough new technology,Not sure,Lack of access to water,Not sure,No,Neutral,Yes,Maybe
2025/02/24 9:26:08 PM GMT+5:30,31-45 years,Female,Banglore,No,No,Yes,"Yes, definitely",Not enough new technology,Yes,Overuse of water resources,Yes,No,Supportive,Yes,Maybe
2025/02/24 9:26:42 PM GMT+5:30,31-45 years,Female,Banglore,Yes,No,Yes,"Yes, definitely",Climate change (changes in weather),Yes,Lack of access to water,Yes,No,Supportive,Yes,Yes
2025/02/24 9:27:51 PM GMT+5:30,31-45 years,Female,Mysore,No,No,Yes,"Yes, definitely",Climate change (changes in weather),No,Lack of access to water,Yes,Yes,Supportive,Yes,Yes
2025/02/24 9:30:58 PM GMT+5:30,19-30 years,Female,Mysorr,Yes,No,Yes,"Yes, definitely",Not enough new technology,No,Lack of access to water,Yes,No,Supportive,Yes,No
2025/02/24 9:31:49 PM GMT+5:30,19-30 years,Female,Tumkur,No,No,Yes,"Yes, definitely",Not enough new technology,No,Overuse of water resources,Yes,No,Neutral,Yes,Yes
2025/02/24 9:32:29 PM GMT+5:30,19-30 years,Female,Mysore,No,No,Yes,"Yes, definitely",Not enough new technology,No,Lack of access to water,Yes,No,Very supportive,Yes,Maybe
2025/02/24 9:33:14 PM GMT+5:30,19-30 years,Female,Mysore,No,Yes,Yes,"Yes, definitely",Not enough new technology,No,Lack of access to water,Yes,No,Very supportive,Yes,Yes
2025/02/24 9:33:55 PM GMT+5:30,19-30 years,Female,Banglore,No,No,Yes,"Yes, definitely",Not enough new technology,Yes,Lack of access to water,Yes,No,Neutral,Yes,Yes
2025/02/24 9:34:29 PM GMT+5:30,31-45 years,Female,Ramnagara,No,No,Yes,"Yes, definitely",Climate change (changes in weather),No,Overuse of water resources,Yes,No,Supportive,Yes,Yes
2025/02/24 9:35:17 PM GMT+5:30,19-30 years,Female,Mysore,No,No,Yes,"Yes, definitely",Not enough new technology,No,Lack of access to water,Yes,Yes,Supportive,Yes,No
2025/02/24 9:36:03 PM GMT+5:30,19-30 years,Female,Mandya,No,No,Yes,"Yes, definitely",Not enough new technology,No,Overuse of water resources,Yes,No,Neutral,Yes,Yes
2025/02/24 9:36:41 PM GMT+5:30,19-30 years,Female,Mandya,No,Yes,Yes,"Yes, definitely",Climate change (changes in weather),No,Lack of access to water,Yes,Yes,Supportive,Yes,Yes
2025/02/24 9:37:33 PM GMT+5:30,19-30 years,Female,Tumkur,Yes,No,Yes,"Yes, definitely",Not enough new technology,No,Lack of access to water,Yes,Yes,Very supportive,Yes,Yes
2025/02/24 9:39:48 PM GMT+5:30,31-45 years,Female,Devanahalli ,Not sure,No,Yes,"Yes, definitely",Climate change (changes in weather),Not sure,Overuse of water resources,Not sure,Yes,Neutral,Yes,Yes
2025/02/24 9:41:48 PM GMT+5:30,19-30 years,Female,Banglore,Yes,No,Yes,"Yes, definitely",Not enough new technology,No,Unpredictable weather,Yes,Yes,Very supportive,Yes,Yes
2025/02/24 9:41:52 PM GMT+5:30,19-30 years,Female,Bangalore ,Yes,Yes,Yes,"Yes, definitely",Climate change (changes in weather),Yes,Unpredictable weather,Yes,Yes,Supportive,Yes,Yes
2025/02/24 9:42:31 PM GMT+5:30,31-45 years,Male,Mysore,Yes,No,Yes,"No, definitely",Not enough new technology,No,Lack of access to water,Not sure,No,Supportive,Yes,Yes
2025/02/24 9:42:47 PM GMT+5:30,19-30 years,Female,Mysore,No,No,Yes,"Yes, definitely",Climate change (changes in weather),No,Unpredictable weather,Yes,No,Supportive,Yes,Yes
2025/02/24 9:43:05 PM GMT+5:30,31-45 years,Female,Mandya,Yes,No,No,"No, definitely",Too much water used,No,Lack of access to water,Not sure,No,Neutral,Yes,Yes
2025/02/24 9:43:28 PM GMT+5:30,19-30 years,Female,Mysore,Yes,Yes,Yes,"No, definitely",Not enough new technology,No,Lack of access to water,Not sure,No,Supportive,Yes,No
2025/02/24 9:43:35 PM GMT+5:30,19-30 years,Female,Banglore,Yes,No,Yes,"Yes, definitely",Not enough new technology,No,Unpredictable weather,Yes,No,Supportive,Yes,No
2025/02/24 9:44:10 PM GMT+5:30,19-30 years,Female,Mandya,Yes,Yes,Yes,"Yes, definitely",Climate change (changes in weather),Yes,Unpredictable weather,Yes,Yes,Supportive,Yes,No
2025/02/24 9:44:14 PM GMT+5:30,19-30 years,Female,Mysore,No,Yes,Yes,"Yes, definitely",Climate change (changes in weather),No,Unpredictable weather,Yes,Yes,Supportive,Yes,No
2025/02/24 9:44:41 PM GMT+5:30,46-60 years,Female,Mandya,No,No,Yes,"Yes, definitely",Too much water used,No,Unpredictable weather,Yes,Yes,Very supportive,Yes,No
2025/02/24 9:44:54 PM GMT+5:30,19-30 years,Female,Mysore,No,No,Yes,"Yes, definitely",Climate change (changes in weather),No,Lack of access to water,Yes,No,Neutral,Yes,Yes
2025/02/24 9:45:07 PM GMT+5:30,31-45 years,Female,Mandya,Yes,Yes,Yes,"Yes, definitely",Climate change (changes in weather),Yes,Unpredictable weather,Yes,Yes,Very supportive,Yes,Yes
2025/02/24 9:45:29 PM GMT+5:30,46-60 years,Female,Mandya,Yes,Yes,Yes,"Yes, definitely",Not enough new technology,Yes,Unpredictable weather,Yes,Yes,Very supportive,Yes,No
2025/02/24 9:45:35 PM GMT+5:30,19-30 years,Female,Mysore,Yes,No,Yes,"Yes, definitely",Climate change (changes in weather),No,Lack of access to water,Yes,No,Supportive,Yes,Yes
2025/02/24 9:46:05 PM GMT+5:30,19-30 years,Male,Mysuru,Yes,Yes,Yes,"Yes, definitely",Climate change (changes in weather),Yes,Overuse of water resources,Yes,No,Neutral,Yes,Yes
2025/02/24 9:46:14 PM GMT+5:30,19-30 years,Female,Mysore,No,No,Yes,"Yes, definitely",Climate change (changes in weather),No,Unpredictable weather,Yes,Yes,Neutral,Yes,No
2025/02/24 9:46:32 PM GMT+5:30,10-18 years,Female,Mandya,Yes,Yes,Yes,"Yes, definitely",Climate change (changes in weather),Yes,Lack of access to water,Yes,No,Neutral,Yes,No
2025/02/24 9:46:51 PM GMT+5:30,31-45 years,Female,Banglore,No,Yes,Yes,"Yes, definitely",Climate change (changes in weather),No,Overuse of water resources,Yes,Yes,Very supportive,Yes,Yes
2025/02/24 9:47:00 PM GMT+5:30,19-30 years,Female,Bangalore ,Yes,Yes,Yes,"Yes, definitely",Climate change (changes in weather),Yes,Lack of access to water,Yes,No,Neutral,Yes,Yes
2025/02/24 9:47:36 PM GMT+5:30,19-30 years,Female,Mysore,No,Yes,Yes,"Yes, definitely",Climate change (changes in weather),No,Lack of access to water,Yes,No,Neutral,Yes,Yes
2025/02/24 9:48:20 PM GMT+5:30,31-45 years,Female,Banglore,No,No,Yes,"Yes, definitely",Climate change (changes in weather),Yes,Lack of access to water,Yes,Yes,Neutral,Yes,No
2025/02/24 9:49:02 PM GMT+5:30,31-45 years,Male,Banglore,Yes,No,Yes,"Yes, definitely",Climate change (changes in weather),No,Lack of access to water,Yes,No,Neutral,Yes,Yes
2025/02/24 9:49:56 PM GMT+5:30,19-30 years,Female,Banglore,No,No,Yes,"Yes, definitely",Climate change (changes in weather),No,Lack of access to water,Yes,Yes,Neutral,Yes,Yes
2025/02/24 9:50:45 PM GMT+5:30,19-30 years,Male,Banglore,No,No,Yes,"Yes, definitely",Not enough new technology,No,Unpredictable weather,Yes,Yes,Very supportive,Yes,No
2025/02/24 9:50:59 PM GMT+5:30,19-30 years,Female,Mandya,Yes,No,Yes,Not sure,Climate change (changes in weather),Yes,High cost of irrigation systems,Yes,Yes,Very supportive,Yes,
2025/02/24 9:51:12 PM GMT+5:30,19-30 years,Female,Bangalore ,Not sure,No,Yes,"Yes, definitely",Not enough new technology,Yes,Unpredictable weather,Yes,Yes,Supportive,Yes,No
2025/02/24 9:51:21 PM GMT+5:30,31-45 years,Female,Mysore,Yes,Yes,Yes,"Yes, definitely",Climate change (changes in weather),Yes,Unpredictable weather,Yes,No,Supportive,Yes,No
2025/02/24 9:51:23 PM GMT+5:30,31-45 years,Male,Banglore,No,No,Yes,"Yes, definitely",Not enough new technology,No,Lack of access to water,Yes,No,Supportive,Yes,No
2025/02/24 9:51:48 PM GMT+5:30,19-30 years,Female,Mandya,Yes,Yes,Yes,Not sure,Climate change (changes in weather),No,Unpredictable weather,Yes,No,Very supportive,Yes,No
2025/02/24 9:51:59 PM GMT+5:30,19-30 years,Male,Mysore,Yes,Yes,Yes,"Yes, definitely",Climate change (changes in weather),Yes,Unpredictable weather,Yes,No,Supportive,Yes,No
2025/02/24 9:52:13 PM GMT+5:30,31-45 years,Male,Banglore ,No,No,Yes,"Yes, definitely",Climate change (changes in weather),No,Lack of access to water,Yes,No,Supportive,Yes,Maybe
2025/02/24 9:52:54 PM GMT+5:30,31-45 years,Male,Banglore,No,No,Yes,"Yes, definitely",Climate change (changes in weather),No,Overuse of water resources,Yes,No,Neutral,Yes,Yes
2025/02/24 9:53:09 PM GMT+5:30,31-45 years,Female,Mysore,Yes,Yes,Yes,"Yes, definitely",Climate change (changes in weather),Yes,Lack of access to water,Yes,No,Neutral,No,
2025/02/24 9:53:30 PM GMT+5:30,46-60 years,Male,Mandya,Yes,Yes,Yes,Not sure,Not enough new technology,No,Overuse of water resources,Not sure,No,Supportive,Yes,Yes
2025/02/24 9:53:57 PM GMT+5:30,19-30 years,Female,Mysore,Yes,Yes,Yes,"Yes, definitely",Climate change (changes in weather),Yes,Overuse of water resources,Yes,Not sure,Not supportive,Yes,Yes
2025/02/24 9:54:37 PM GMT+5:30,19-30 years,Female,Banglore,No,No,Yes,"Yes, definitely",Not enough new technology,No,High cost of irrigation systems,Yes,Not sure,Supportive,No,No
2025/02/24 9:54:48 PM GMT+5:30,46-60 years,Male,Mandya ,Yes,Yes,No,"Yes, definitely",Not enough new technology,No,Lack of access to water,Not sure,No,Neutral,Yes,Yes
2025/02/24 9:55:05 PM GMT+5:30,19-30 years,Male,Bangalore ,Yes,Yes,Yes,"Yes, definitely",Climate change (changes in weather),Yes,Overuse of water resources,Yes,Not sure,Neutral,Yes,Yes
2025/02/24 9:55:17 PM GMT+5:30,19-30 years,Female,Banglore,No,Yes,Yes,"Yes, definitely",Not enough new technology,No,Overuse of water resources,Yes,No,Not sure,No,Yes
2025/02/24 9:55:29 PM GMT+5:30,19-30 years,Male,Mysore,Yes,Yes,Yes,"Yes, definitely",Climate change (changes in weather),Yes,Overuse of water resources,Yes,No,Supportive,Yes,Yes
2025/02/24 9:56:15 PM GMT+5:30,19-30 years,Male,Mandya,Yes,Yes,Yes,"Yes, definitely",Climate change (changes in weather),Yes,Lack of access to water,Yes,Yes,Neutral,Yes,Yes
2025/02/24 9:56:24 PM GMT+5:30,19-30 years,Male,Mandya,No,No,Yes,"Yes, definitely",Not enough new technology,No,Lack of access to water,Yes,No,Neutral,No,Yes
2025/02/24 9:56:38 PM GMT+5:30,31-45 years,Female,Mysuru,Yes,Yes,Yes,"No, definitely",Climate change (changes in weather),Yes,Lack of access to water,Yes,No,Supportive,Yes,Yes
2025/02/24 9:56:39 PM GMT+5:30,19-30 years,Female,Mysore,Yes,Yes,Yes,"Yes, definitely",Climate change (changes in weather),Yes,Lack of access to water,Yes,No,Supportive,Yes,Yes
2025/02/24 9:57:04 PM GMT+5:30,19-30 years,Male,Tumkur,No,No,Yes,"Yes, definitely",Climate change (changes in weather),No,Unpredictable weather,Yes,Yes,Neutral,Yes,Yes
2025/02/24 9:57:12 PM GMT+5:30,19-30 years,Male,Mysore,Yes,Yes,Yes,"Yes, definitely",Climate change (changes in weather),Yes,Unpredictable weather,Yes,No,Supportive,Yes,Yes
2025/02/24 9:57:35 PM GMT+5:30,31-45 years,Female,Mysore,Yes,Yes,Yes,"Yes, definitely",Climate change (changes in weather),Yes,Overuse of water resources,Yes,No,Very supportive,Yes,No
2025/02/24 9:57:56 PM GMT+5:30,46-60 years,Female,Mysore,Yes,Yes,Yes,"Yes, definitely",Climate change (changes in weather),Yes,Lack of access to water,Yes,Yes,Very supportive,Yes,Yes
2025/02/24 9:58:32 PM GMT+5:30,46-60 years,Female,Mangalore ,No,Yes,Yes,"Yes, definitely",Not enough new technology,Yes,Lack of access to water,Yes,Not sure,Supportive,Yes,Yes
2025/02/24 9:59:01 PM GMT+5:30,31-45 years,Female,Mangalore ,Yes,Yes,Yes,"Yes, definitely",Climate change (changes in weather),Yes,Lack of access to water,Yes,No,Neutral,Yes,Yes
2025/02/24 9:59:37 PM GMT+5:30,19-30 years,Female,Bidar,Yes,Yes,Yes,"Yes, definitely",Too much water used,Yes,Lack of access to water,Yes,No,Neutral,No,Yes
2025/02/24 10:00:10 PM GMT+5:30,31-45 years,Female,Mandya,Yes,Yes,Yes,"Yes, definitely",Climate change (changes in weather),Yes,Unpredictable weather,Yes,No,Very supportive,Yes,Yes
2025/02/24 10:00:20 PM GMT+5:30,31-45 years,Male,Davengere,No,No,Yes,"Yes, definitely",Climate change (changes in weather),No,Unpredictable weather,Yes,Yes,Supportive,Yes,Yes
2025/02/24 10:00:37 PM GMT+5:30,10-18 years,Male,Mandya,Yes,Yes,Yes,"Yes, definitely",Climate change (changes in weather),Yes,Overuse of water resources,Yes,No,Supportive,Yes,No
2025/02/24 10:00:39 PM GMT+5:30,46-60 years,Female,Mysore ,Yes,Yes,Yes,"Yes, definitely",Climate change (changes in weather),Yes,Unpredictable weather,Yes,Yes,Supportive,Yes,Yes
2025/02/24 10:01:17 PM GMT+5:30,31-45 years,Female,Mysore ,Yes,Yes,Yes,"Yes, definitely",Climate change (changes in weather),Yes,Lack of access to water,Yes,Yes,Neutral,Yes,Yes
2025/02/24 10:01:29 PM GMT+5:30,19-30 years,Female,Hassan,No,No,Yes,"Yes, definitely",Climate change (changes in weather),No,Lack of access to water,Yes,No,Supportive,Yes,Yes
2025/02/24 10:01:53 PM GMT+5:30,31-45 years,Female,Bangalore ,Yes,Yes,Yes,"Yes, definitely",Climate change (changes in weather),Yes,Lack of access to water,Yes,Yes,Neutral,Yes,Yes
2025/02/24 10:02:14 PM GMT+5:30,31-45 years,Female,Kerala,No,No,No,"Yes, definitely",Climate change (changes in weather),No,Overuse of water resources,Yes,No,Neutral,Yes,No
2025/02/24 10:02:24 PM GMT+5:30,31-45 years,Female,Mysore ,Yes,Yes,Yes,"Yes, definitely",Climate change (changes in weather),Yes,Lack of access to water,Yes,No,Not sure,No,No
2025/02/24 10:02:47 PM GMT+5:30,19-30 years,Male,Kerala,No,Yes,Yes,"Yes, definitely",Climate change (changes in weather),No,Overuse of water resources,Yes,No,Supportive,Yes,Yes
2025/02/24 10:02:53 PM GMT+5:30,46-60 years,Male,Bangalore ,Not sure,Yes,Yes,"Yes, definitely",Not enough new technology,Yes,Lack of access to water,Yes,Yes,Supportive,Yes,Yes
2025/02/24 10:03:21 PM GMT+5:30,46-60 years,Male,Bangalore ,Not sure,Yes,Yes,"Yes, definitely",Not enough new technology,Yes,Lack of access to water,Yes,No,Supportive,Yes,No
2025/02/24 10:03:32 PM GMT+5:30,19-30 years,Female,Mysuru,Yes,Yes,Yes,"Yes, definitely",Climate change (changes in weather),Yes,Lack of access to water,Yes,Not sure,Neutral,Yes,Yes
2025/02/24 10:03:35 PM GMT+5:30,31-45 years,Male,Davengere,No,No,Yes,"Yes, definitely",Climate change (changes in weather),No,Lack of access to water,Yes,No,Very supportive,Yes,Yes
2025/02/24 10:03:46 PM GMT+5:30,31-45 years,Female,Bangalore ,Not sure,Yes,Yes,"Yes, definitely",Climate change (changes in weather),Yes,Lack of access to water,Yes,No,Supportive,Yes,No
2025/02/24 10:04:16 PM GMT+5:30,19-30 years,Female,Banglore,Yes,No,Yes,"Yes, definitely",Climate change (changes in weather),No,Unpredictable weather,Yes,No,Supportive,No,No
2025/02/24 10:04:21 PM GMT+5:30,31-45 years,Male,Bangalore,Yes,Yes,Yes,"Yes, definitely",Climate change (changes in weather),Yes,Lack of access to water,Yes,No,Supportive,No,Yes
2025/02/24 10:04:42 PM GMT+5:30,31-45 years,Female,Bangalore ,No,Yes,Yes,"Yes, definitely",Not enough new technology,Yes,Overuse of water resources,Yes,No,Supportive,Yes,Yes
2025/02/24 10:04:59 PM GMT+5:30,31-45 years,Male,Hassan,No,No,Yes,"Yes, definitely",Climate change (changes in weather),No,Lack of access to water,Yes,No,Neutral,Yes,Yes
2025/02/24 10:05:08 PM GMT+5:30,19-30 years,Female,Mandya,Yes,Yes,Yes,"Yes, definitely",Climate change (changes in weather),Yes,Overuse of water resources,Yes,No,Very supportive,Yes,No
2025/02/24 10:05:28 PM GMT+5:30,19-30 years,Male,Mysore,Yes,Yes,Yes,"Yes, definitely",Climate change (changes in weather),Yes,Lack of access to water,Yes,No,Neutral,Yes,Yes
2025/02/24 10:08:13 PM GMT+5:30,19-30 years,Male,Hassan,No,No,Yes,"No, definitely",Climate change (changes in weather),No,Lack of access to water,Yes,Yes,Supportive,No,Yes
2025/02/24 10:09:13 PM GMT+5:30,19-30 years,Male,Hassan,No,No,Yes,"Yes, definitely",Climate change (changes in weather),No,Lack of access to water,Yes,Not sure,Neutral,Yes,No
2025/02/24 10:09:52 PM GMT+5:30,19-30 years,Male,Chitra durga,Yes,No,Yes,"Yes, definitely",Not enough new technology,No,Lack of access to water,Yes,No,Not supportive,No,
2025/02/24 10:10:29 PM GMT+5:30,31-45 years,Male,Hassan,No,Yes,Yes,"Yes, definitely",Climate change (changes in weather),No,Unpredictable weather,Yes,Not sure,Not supportive,Yes,No
2025/02/24 10:11:07 PM GMT+5:30,19-30 years,Female,Mysore,No,Yes,Yes,"Yes, definitely",Climate change (changes in weather),No,Overuse of water resources,Yes,Not sure,Not sure,Yes,No
2025/02/24 10:11:26 PM GMT+5:30,19-30 years,Female,Kanakapura ,Yes,No,Yes,"Yes, definitely",Climate change (changes in weather),Yes,High cost of irrigation systems,Yes,No,Very supportive,Yes,No
2025/02/24 10:11:52 PM GMT+5:30,46-60 years,Male,Mandya,No,Yes,Yes,"Yes, definitely",Not enough new technology,No,Lack of access to water,Yes,No,Supportive,Yes,No
2025/02/24 10:13:02 PM GMT+5:30,31-45 years,Female,Kerala,No,Yes,Yes,"Yes, definitely",Too much water used,No,Overuse of water resources,Yes,No,Neutral,No,No
2025/02/24 10:13:36 PM GMT+5:30,31-45 years,Female,Tumkur,Yes,Yes,No,"Yes, definitely",Too much water used,No,Lack of access to water,Yes,No,Not sure,Yes,Maybe
2025/02/24 10:14:15 PM GMT+5:30,19-30 years,Female,Hassan,No,Yes,No,"Yes, definitely",Not enough new technology,No,Lack of access to water,Yes,Yes,Neutral,Yes,Yes
2025/02/24 10:14:56 PM GMT+5:30,31-45 years,Female,Hassan,No,Yes,Yes,"Yes, definitely",Too much water used,No,Unpredictable weather,Yes,Yes,Very supportive,Yes,
2025/02/24 10:15:25 PM GMT+5:30,31-45 years,Male,Mandya,No,Yes,No,"Yes, definitely",Climate change (changes in weather),No,Overuse of water resources,Yes,Yes,Supportive,Yes,Yes
2025/02/24 10:15:57 PM GMT+5:30,31-45 years,Male,Banglore,Yes,No,Yes,"Yes, definitely",Not enough new technology,Yes,High cost of irrigation systems,Yes,Yes,Very supportive,Yes,Yes
2025/02/24 10:16:29 PM GMT+5:30,31-45 years,Male,Mandya,No,Yes,Yes,"Yes, definitely",Too much water used,No,Lack of access to water,Yes,Yes,Neutral,Yes,No
2025/02/24 10:16:58 PM GMT+5:30,31-45 years,Female,Banglore,No,Yes,No,"No, definitely",Not enough new technology,No,Overuse of water resources,Yes,No,Supportive,Yes,Yes
2025/02/24 10:17:36 PM GMT+5:30,31-45 years,Female,Kerala,No,Yes,No,"Yes, definitely",Too much water used,Yes,Lack of access to water,Yes,No,Supportive,Yes,Yes
2025/02/24 10:18:05 PM GMT+5:30,31-45 years,Female,Tumkur,No,Yes,Yes,"Yes, definitely",Too much water used,Yes,Lack of access to water,Yes,No,Supportive,Yes,Yes
2025/02/24 10:18:34 PM GMT+5:30,31-45 years,Male,Tumkur,No,Yes,No,"Yes, definitely",Not enough new technology,Yes,Lack of access to water,Yes,Yes,Very supportive,Yes,Yes
2025/02/24 10:19:21 PM GMT+5:30,31-45 years,Female,Banglore,No,Yes,No,"Yes, definitely",Too much water used,Yes,Overuse of water resources,Yes,No,Supportive,Yes,Yes
2025/02/24 10:20:13 PM GMT+5:30,31-45 years,Female,"Mysore,",No,Yes,No,"Yes, definitely",Climate change (changes in weather),No,Lack of access to water,Yes,No,Supportive,Yes,Yes
2025/02/24 10:20:39 PM GMT+5:30,19-30 years,Female,Banglore,No,Yes,Yes,"Yes, definitely",Not enough new technology,No,Lack of access to water,Yes,Yes,Supportive,Yes,Yes
2025/02/24 10:21:09 PM GMT+5:30,19-30 years,Female,Banglore,No,Yes,Yes,"Yes, definitely",Climate change (changes in weather),No,Overuse of water resources,Yes,No,Neutral,Yes,Yes
2025/02/24 10:22:11 PM GMT+5:30,31-45 years,Female,Banglore,Yes,No,Yes,"Yes, definitely",Not enough new technology,Yes,Lack of access to water,Yes,No,Very supportive,Yes,Yes
2025/02/24 10:23:36 PM GMT+5:30,19-30 years,Male,Mysore,No,Yes,No,"Yes, definitely",Not enough new technology,No,Overuse of water resources,Yes,No,Neutral,Yes,Yes
2025/02/24 10:24:03 PM GMT+5:30,31-45 years,Male,Mandya,No,Yes,No,"Yes, definitely",Not enough new technology,Yes,Lack of access to water,Yes,Yes,Very supportive,Yes,No
2025/02/24 10:24:27 PM GMT+5:30,31-45 years,Male,Mysore,No,Yes,Yes,"Yes, definitely",Too much water used,No,Lack of access to water,Yes,Yes,Supportive,Yes,Yes
2025/02/24 10:24:37 PM GMT+5:30,19-30 years,Male,Bengaluru ,Yes,Yes,Yes,"Yes, definitely",Not enough new technology,Yes,Lack of access to water,Yes,Yes,Very supportive,Yes,Yes
2025/02/24 10:25:08 PM GMT+5:30,31-45 years,Female,Mandya,No,Yes,Yes,"No, definitely",Climate change (changes in weather),No,Lack of access to water,Yes,No,Very supportive,Yes,Yes
2025/02/24 10:25:37 PM GMT+5:30,31-45 years,Female,Hassan,No,Yes,No,"Yes, definitely",Too much water used,No,Lack of access to water,Yes,Not sure,Neutral,Yes,Yes
2025/02/24 10:26:11 PM GMT+5:30,31-45 years,Male,Banglore,No,Yes,Yes,"No, definitely",Climate change (changes in weather),Yes,Lack of access to water,Yes,No,Supportive,Yes,Yes
2025/02/24 10:26:53 PM GMT+5:30,19-30 years,Female,Banglore,No,Yes,No,"Yes, definitely",Climate change (changes in weather),Yes,Lack of access to water,Yes,No,Very supportive,Yes,Yes
2025/02/24 10:27:45 PM GMT+5:30,31-45 years,Female,Banglore,No,Yes,No,"Yes, definitely",Climate change (changes in weather),No,Overuse of water resources,Yes,No,Neutral,Yes,No
2025/02/24 10:28:13 PM GMT+5:30,19-30 years,Male,Mysore,Yes,No,Yes,"Yes, definitely",Climate change (changes in weather),No,Overuse of water resources,Yes,No,Very supportive,Yes,Yes
2025/02/24 10:29:02 PM GMT+5:30,31-45 years,Female,Banglore,No,Yes,No,"Yes, definitely",Climate change (changes in weather),No,Lack of access to water,Yes,Yes,Very supportive,Yes,Yes
2025/02/24 10:29:45 PM GMT+5:30,10-18 years,Female,Karnataka ,Yes,Not sure,Yes,"Yes, definitely",Not enough new technology,Yes,Lack of access to water,Yes,No,Supportive,Yes,Yes
2025/02/24 10:29:47 PM GMT+5:30,31-45 years,Female,Banglore,No,Yes,No,"Yes, definitely",Not enough new technology,No,Lack of access to water,Yes,Yes,Supportive,Yes,Yes
2025/02/24 10:30:17 PM GMT+5:30,31-45 years,Male,Mysore,No,Yes,No,"Yes, definitely",Climate change (changes in weather),No,Lack of access to water,Yes,No,Neutral,Yes,Yes
2025/02/24 10:32:16 PM GMT+5:30,31-45 years,Male,Hassan,No,Yes,Yes,"Yes, definitely",Not enough new technology,Yes,Overuse of water resources,Yes,No,Supportive,Yes,Yes
2025/02/24 10:33:02 PM GMT+5:30,31-45 years,Male,Mandya,Yes,No,Yes,"Yes, definitely",Climate change (changes in weather),No,Lack of access to water,Yes,No,Supportive,Yes,Yes
2025/02/24 10:33:48 PM GMT+5:30,19-30 years,Female,Hassan,No,Yes,Yes,"Yes, definitely",Not enough new technology,No,Lack of access to water,Yes,No,Neutral,Yes,No
2025/02/24 10:34:12 PM GMT+5:30,19-30 years,Female,Mandya,Yes,No,Yes,"Yes, definitely",Not enough new technology,Yes,Lack of access to water,Yes,No,Supportive,Yes,Yes
2025/02/24 10:34:58 PM GMT+5:30,31-45 years,Male,Hassan,Yes,No,Yes,"Yes, definitely",Climate change (changes in weather),No,Overuse of water resources,Yes,No,Supportive,Yes,No
2025/02/24 10:41:47 PM GMT+5:30,19-30 years,Female,Native place ,No,Yes,Not sure,"Yes, definitely",Climate change (changes in weather),No,Lack of access to water,No,Yes,Supportive,Yes,Yes
2025/02/24 10:42:29 PM GMT+5:30,19-30 years,Female,Bangalore ,Yes,No,Not sure,"Yes, definitely",Too much water used,No,Lack of access to water,Yes,No,Supportive,Yes,Yes
2025/02/24 10:43:05 PM GMT+5:30,19-30 years,Male,Bangalore ,No,Yes,Not sure,"No, definitely",Not enough new technology,Not sure,Lack of access to water,No,No,Neutral,Yes,Yes
2025/02/24 10:43:14 PM GMT+5:30,10-18 years,Male,Bangalore ,Yes,No,Yes,"Yes, definitely",Climate change (changes in weather),Yes,Overuse of water resources,Yes,No,Very supportive,Yes,Yes
2025/02/24 10:44:27 PM GMT+5:30,19-30 years,Female,Bangalore ,No,Yes,Not sure,"No, definitely",Not enough new technology,Not sure,Lack of access to water,Yes,No,Very supportive,Yes,Yes
2025/02/24 10:45:05 PM GMT+5:30,19-30 years,Female,Bangalore ,Not sure,Yes,Not sure,Not sure,Not enough new technology,No,Overuse of water resources,Not sure,No,Neutral,Yes,Yes
2025/02/24 10:45:35 PM GMT+5:30,19-30 years,Male,Bangalore ,Not sure,Yes,Not sure,Not sure,Too much water used,Yes,Lack of access to water,Yes,No,Supportive,Yes,Yes
2025/02/24 10:48:04 PM GMT+5:30,31-45 years,Female,Kerala,Yes,No,Yes,"Yes, definitely",Climate change (changes in weather),No,Lack of access to water,Yes,Yes,Supportive,Yes,Yes
2025/02/24 10:48:35 PM GMT+5:30,31-45 years,Female,Mysore,Yes,No,Yes,"Yes, definitely",Climate change (changes in weather),No,Overuse of water resources,Yes,No,Neutral,Yes,No
2025/02/24 10:49:18 PM GMT+5:30,31-45 years,Male,Mysore,No,Yes,No,"Yes, definitely",Climate change (changes in weather),No,Unpredictable weather,Yes,Yes,Supportive,Yes,Yes
2025/02/24 10:50:32 PM GMT+5:30,19-30 years,Male,Bangore,No,Yes,Yes,"Yes, definitely",Climate change (changes in weather),Yes,Unpredictable weather,Yes,Yes,Very supportive,Yes,Yes
2025/02/24 10:51:00 PM GMT+5:30,19-30 years,Male,Banglore,No,Yes,No,"Yes, definitely",Climate change (changes in weather),No,Lack of access to water,Yes,Yes,Neutral,Yes,Yes
2025/02/24 10:51:10 PM GMT+5:30,31-45 years,Male,Banglore,Yes,No,Yes,"Yes, definitely",Climate change (changes in weather),No,Unpredictable weather,Yes,Yes,Very supportive,Yes,Yes
2025/02/24 10:51:55 PM GMT+5:30,19-30 years,Male,Mandya,Yes,No,Yes,"Yes, definitely",Climate change (changes in weather),No,Lack of access to water,No,Yes,Supportive,Yes,Yes
2025/02/24 10:52:41 PM GMT+5:30,31-45 years,Female,Manglore,Yes,No,Yes,"Yes, definitely",Not enough new technology,No,Lack of access to water,No,No,Supportive,Yes,Yes
2025/02/24 10:53:38 PM GMT+5:30,19-30 years,Female,Bangluru,Yes,No,Yes,"No, definitely",Not enough new technology,No,Unpredictable weather,Not sure,No,Supportive,Yes,No
2025/02/24 10:54:04 PM GMT+5:30,19-30 years,Male,Mysore,Yes,Yes,Yes,"Yes, definitely",Climate change (changes in weather),No,Unpredictable weather,Yes,No,Neutral,Yes,Yes
2025/02/24 10:54:15 PM GMT+5:30,10-18 years,Male,PG,Yes,Yes,No,"Yes, definitely",Not enough new technology,No,Unpredictable weather,Yes,No,Supportive,Yes,Yes
2025/02/24 10:54:55 PM GMT+5:30,31-45 years,Female,Mysore,Yes,No,Yes,Not sure,Not enough new technology,No,Unpredictable weather,Yes,No,Supportive,Yes,Yes
2025/02/24 11:47:07 PM GMT+5:30,10-18 years,Male,Bangalore ,Yes,No,Yes,"Yes, definitely",Not enough new technology,No,Lack of access to water,Yes,Yes,Supportive,Yes,Yes
2025/02/25 5:36:36 AM GMT+5:30,31-45 years,Male,Ramanagar,No,Yes,Yes,"Yes, definitely",Climate change (changes in weather),No,Unpredictable weather,Yes,Yes,Supportive,Yes,Yes
2025/02/25 5:37:15 AM GMT+5:30,19-30 years,Male,Mandya,Yes,No,Yes,"Yes, definitely",Not enough new technology,No,Unpredictable weather,Yes,Yes,Very supportive,Yes,Yes
2025/02/25 5:37:51 AM GMT+5:30,31-45 years,Female,Hassan,No,No,Yes,"Yes, definitely",Climate change (changes in weather),No,Lack of access to water,Yes,No,Neutral,Yes,Yes
2025/02/25 5:38:44 AM GMT+5:30,19-30 years,Male,Mysore,No,No,Yes,"Yes, definitely",Not enough new technology,No,Overuse of water resources,Yes,Yes,Very supportive,Yes,Yes
2025/02/25 6:14:19 AM GMT+5:30,31-45 years,Female,Mandya ,Yes,No,Yes,Not sure,Lack of purewater by added industry and factory water like chemical ,Yes,Unpredictable weather,Yes,Yes,Very supportive,Yes,Yes
2025/02/25 6:35:51 AM GMT+5:30,19-30 years,Male,Mysore,Yes,No,Yes,"Yes, definitely",Too much water used,Yes,Lack of access to water,Yes,No,Supportive,Yes,Yes
2025/02/25 7:26:32 AM GMT+5:30,19-30 years,Female,Banglore,No,No,Yes,"Yes, definitely",Climate change (changes in weather),No,Overuse of water resources,Yes,No,Neutral,Yes,Yes
2025/02/25 7:27:07 AM GMT+5:30,19-30 years,Female,Banglore,Yes,No,Yes,"Yes, definitely",Climate change (changes in weather),No,Lack of access to water,Yes,Yes,Neutral,Yes,Yes
2025/02/25 7:27:56 AM GMT+5:30,31-45 years,Female,Mysore,No,Yes,Yes,"Yes, definitely",Climate change (changes in weather),No,Lack of access to water,Yes,No,Neutral,Yes,Maybe
2025/02/25 7:28:29 AM GMT+5:30,31-45 years,Male,Banglore,No,Yes,Yes,"Yes, definitely",Climate change (changes in weather),No,Lack of access to water,Yes,Yes,Very supportive,Yes,Yes
2025/02/25 7:29:13 AM GMT+5:30,31-45 years,Male,Banglore,Yes,No,Yes,"Yes, definitely",Not enough new technology,No,Lack of access to water,Yes,No,Neutral,Yes,Yes
2025/02/25 7:29:57 AM GMT+5:30,46-60 years,Male,Mysore,Yes,No,Yes,"Yes, definitely",Climate change (changes in weather),No,Lack of access to water,Yes,No,Neutral,Yes,Yes
2025/02/25 7:30:36 AM GMT+5:30,31-45 years,Male,Mandya,No,Yes,No,"Yes, definitely",Too much water used,No,Unpredictable weather,Yes,Yes,Neutral,Yes,Yes
2025/02/25 7:31:17 AM GMT+5:30,31-45 years,Female,Banglore,No,Yes,Yes,"Yes, definitely",Not enough new technology,No,High cost of irrigation systems,Yes,No,Neutral,Yes,Yes
2025/02/25 7:31:53 AM GMT+5:30,31-45 years,Female,Banglore,Yes,No,Yes,"Yes, definitely",Not enough new technology,No,Unpredictable weather,Yes,Yes,Neutral,Yes,Yes
2025/02/25 7:32:27 AM GMT+5:30,19-30 years,Male,Banglore,No,Yes,Yes,"Yes, definitely",Too much water used,No,Unpredictable weather,Yes,Yes,Very supportive,Yes,Maybe
2025/02/25 7:33:10 AM GMT+5:30,31-45 years,Male,Banglore,No,Yes,No,"Yes, definitely",Climate change (changes in weather),No,Lack of access to water,Yes,Yes,Very supportive,Yes,Yes
2025/02/25 7:33:41 AM GMT+5:30,31-45 years,Male,Mandya,No,Yes,Yes,"Yes, definitely",Climate change (changes in weather),No,Unpredictable weather,Yes,Yes,Supportive,Yes,Yes
2025/02/25 7:34:28 AM GMT+5:30,19-30 years,Female,Banglore,No,Yes,No,"Yes, definitely",Climate change (changes in weather),No,Unpredictable weather,Yes,No,Supportive,Yes,No
2025/02/25 7:35:07 AM GMT+5:30,31-45 years,Male,Banglore,No,Yes,No,"Yes, definitely",Climate change (changes in weather),No,Lack of access to water,Yes,No,Supportive,Yes,Yes
2025/02/25 7:35:33 AM GMT+5:30,31-45 years,Female,Banglore,No,Yes,No,"Yes, definitely",Climate change (changes in weather),No,Overuse of water resources,Yes,No,Very supportive,Yes,No
2025/02/25 7:36:01 AM GMT+5:30,19-30 years,Female,Banglore,Yes,No,Yes,"Yes, definitely",Not enough new technology,No,Lack of access to water,Yes,No,Supportive,Yes,No
2025/02/25 7:49:56 AM GMT+5:30,31-45 years,Female,Banglore,No,Yes,No,"Yes, definitely",Climate change (changes in weather),No,Overuse of water resources,Yes,No,Supportive,Yes,No
2025/02/25 7:50:33 AM GMT+5:30,19-30 years,Male,Banglore,No,Yes,No,"Yes, definitely",Climate change (changes in weather),No,Overuse of water resources,Yes,No,Neutral,Yes,No
2025/02/25 7:51:17 AM GMT+5:30,19-30 years,Male,Banglore,No,Yes,Yes,"Yes, definitely",Climate change (changes in weather),No,High cost of irrigation systems,Yes,No,Supportive,Yes,No
2025/02/25 7:51:55 AM GMT+5:30,19-30 years,Male,Mysore,No,Yes,Yes,"Yes, definitely",Climate change (changes in weather),No,Lack of access to water,Yes,No,Very supportive,Yes,No
2025/02/25 7:52:35 AM GMT+5:30,31-45 years,Male,Mysore,No,Yes,Yes,"Yes, definitely",Not enough new technology,No,Overuse of water resources,Yes,No,Supportive,Yes,No
2025/02/25 7:53:04 AM GMT+5:30,31-45 years,Male,Banglore,No,Yes,Yes,"Yes, definitely",Not enough new technology,No,Overuse of water resources,Yes,No,Supportive,Yes,No
2025/02/25 7:59:37 AM GMT+5:30,31-45 years,Female,Mandya,No,Yes,No,"Yes, definitely",Not enough new technology,Yes,Overuse of water resources,Yes,No,Supportive,Yes,No
2025/02/25 8:00:18 AM GMT+5:30,31-45 years,Female,Mandya,No,Yes,No,"Yes, definitely",Climate change (changes in weather),No,Lack of access to water,Yes,Yes,Supportive,Yes,No
2025/02/25 8:01:15 AM GMT+5:30,31-45 years,Female,Banglore,No,Yes,Yes,"No, definitely",Climate change (changes in weather),No,Lack of access to water,Yes,No,Supportive,Yes,No
2025/02/25 8:02:06 AM GMT+5:30,31-45 years,Male,Banglore,No,Yes,No,"Yes, definitely",Not enough new technology,Yes,Lack of access to water,Yes,Yes,Supportive,No,Yes
2025/02/25 8:03:17 AM GMT+5:30,19-30 years,Female,Banglore,Yes,No,Yes,"Yes, definitely",Climate change (changes in weather),No,Lack of access to water,Yes,Not sure,Supportive,Yes,Yes
2025/02/25 8:03:50 AM GMT+5:30,19-30 years,Male,Banglore,No,Yes,No,"Yes, definitely",Climate change (changes in weather),No,Unpredictable weather,Yes,No,Supportive,Yes,No
2025/02/25 8:04:31 AM GMT+5:30,19-30 years,Male,Banglore,No,Yes,Yes,"Yes, definitely",Not enough new technology,Yes,Unpredictable weather,Yes,No,Supportive,Yes,No
2025/02/25 8:09:51 AM GMT+5:30,10-18 years,Male,Bangalore ,Yes,Yes,Yes,"Yes, definitely",Climate change (changes in weather),Not sure,Overuse of water resources,Yes,No,Neutral,Yes,No
2025/02/25 8:11:01 AM GMT+5:30,31-45 years,Male,Banglore,No,Yes,No,"Yes, definitely",Not enough new technology,No,Lack of access to water,Yes,No,Supportive,Yes,Yes
2025/02/25 8:11:48 AM GMT+5:30,31-45 years,Male,Banglore,No,Yes,Yes,"Yes, definitely",Climate change (changes in weather),No,Lack of access to water,Yes,No,Neutral,Yes,No
2025/02/25 8:12:26 AM GMT+5:30,19-30 years,Female,Mandya,No,Yes,No,"Yes, definitely",Climate change (changes in weather),No,Lack of access to water,Yes,Not sure,Neutral,No,Yes
2025/02/25 8:12:59 AM GMT+5:30,31-45 years,Male,Banglore,No,Yes,No,"Yes, definitely",Climate change (changes in weather),No,Lack of access to water,Yes,No,Neutral,No,No
2025/02/25 8:13:40 AM GMT+5:30,19-30 years,Female,Mysore,No,Yes,No,"Yes, definitely",,No,Unpredictable weather,Yes,No,Neutral,Yes,Yes
2025/02/25 8:45:15 AM GMT+5:30,19-30 years,Female,Banglore ,Yes,Yes,Yes,"No, definitely",Not enough new technology,No,Unpredictable weather,Yes,No,Supportive,No,Yes
2025/02/25 9:26:15 AM GMT+5:30,19-30 years,Female,Mandya,Yes,No,Yes,"Yes, definitely",Not enough new technology,Not sure,Overuse of water resources,Yes,No,Neutral,Yes,Yes
2025/02/25 9:26:17 AM GMT+5:30,19-30 years,Female,Mysuru,Yes,No,Yes,"Yes, definitely",Too much water used,Yes,Unpredictable weather,Yes,No,Supportive,Yes,Yes
2025/02/25 11:12:18 AM GMT+5:30,31-45 years,Female,Be,No,No,No,"No, definitely",Climate change (changes in weather),Yes,Lack of access to water,No,No,Supportive,Yes,No
2025/02/25 7:06:39 PM GMT+5:30,10-18 years,Female,Pandavapura,Yes,Yes,Yes,"Yes, definitely",Not enough new technology,Yes,Lack of access to water,Yes,Not sure,Neutral,Yes,Yes
2025/02/26 2:58:38 PM GMT+5:30,10-18 years,Male,Mandya ,Yes,Not sure,Yes,"Yes, definitely",Too much water used,Yes,Lack of access to water,Yes,No,Neutral,Yes,Yes
2025/02/27 7:03:39 AM GMT+5:30,10-18 years,Female,Pandavapura ,Yes,Yes,Yes,"Yes, definitely",Not enough new technology,Yes,Overuse of water resources,Yes,Yes,Very supportive,Yes,Yes
2025/03/01 11:03:39 AM GMT+5:30,10-18 years,Male,Bangalore ,Yes,Not sure,Yes,"Yes, definitely",Not enough new technology,Not sure,Lack of access to water,Yes,No,Neutral,Yes,No
2025/03/01 7:48:30 PM GMT+5:30,10-18 years,Male,Mandya,Not sure,No,Yes,"Yes, definitely",Climate change (changes in weather),Not sure,Overuse of water resources,Yes,No,Neutral,No,Yes
2025/03/01 7:49:23 PM GMT+5:30,19-30 years,Female,udupi,No,No,Yes,"No, definitely",Not enough new technology,No,Lack of access to water,Not sure,No,Supportive,Yes,Yes
2025/03/01 7:50:08 PM GMT+5:30,31-45 years,Female,Chanapatana,No,No,No,"Yes, definitely",Too much water used,Yes,Lack of access to water,Not sure,No,Supportive,Yes,Yes
2025/03/01 7:51:18 PM GMT+5:30,10-18 years,Male,Bangalore ,Not sure,Yes,Yes,"Yes, definitely",Climate change (changes in weather),Not sure,Lack of access to water,,Yes,Supportive,Yes,Yes
2025/03/01 7:52:09 PM GMT+5:30,19-30 years,Female,Mandya,Yes,No,Yes,Not sure,Climate change (changes in weather),Yes,Lack of access to water,Yes,No,Neutral,Yes,No
2025/03/01 7:52:52 PM GMT+5:30,19-30 years,Female,Mysuru,Not sure,Yes,Yes,"Yes, definitely",Too much water used,Yes,Lack of access to water,Yes,No,Neutral,Yes,Yes
2025/03/01 7:55:26 PM GMT+5:30,19-30 years,Female,Kollegala ,Yes,Yes,No,"Yes, definitely",Climate change (changes in weather),Not sure,Unpredictable weather,Yes,No,Neutral,No,No
2025/03/01 7:56:39 PM GMT+5:30,31-45 years,Female,Mysuru,Yes,No,Yes,"Yes, definitely",Not enough new technology,No,Lack of access to water,Not sure,No,Neutral,Yes,Yes
2025/03/01 7:58:04 PM GMT+5:30,19-30 years,Female,Kollegala ,Yes,Yes,Yes,"Yes, definitely",Not enough new technology,Yes,Overuse of water resources,Yes,No,Neutral,Yes,No
2025/03/01 7:59:08 PM GMT+5:30,31-45 years,Female,Mandya,Yes,Yes,No,"Yes, definitely",Climate change (changes in weather),Yes,Lack of access to water,No,Not sure,Supportive,Yes,Yes
2025/03/01 7:59:40 PM GMT+5:30,19-30 years,Female,Hubballi ,Yes,No,No,Not sure,Climate change (changes in weather),No,Overuse of water resources,Yes,Yes,Very supportive,Yes,Yes
2025/03/01 8:00:20 PM GMT+5:30,31-45 years,Female,Mysuru,Yes,Yes,No,"Yes, definitely",Too much water used,Yes,Lack of access to water,Yes,Not sure,Neutral,Yes,Yes
2025/03/01 8:01:45 PM GMT+5:30,19-30 years,Male,Bangalore ,Yes,No,Yes,"No, definitely",Not enough new technology,Not sure,Lack of access to water,Not sure,No,Neutral,Yes,Yes
2025/03/01 8:02:18 PM GMT+5:30,19-30 years,Female,Bangalore ,No,Yes,Not sure,"Yes, definitely",Not enough new technology,No,Lack of access to water,Not sure,Yes,Supportive,Yes,Yes
2025/03/01 8:02:48 PM GMT+5:30,31-45 years,Female,Bangalore ,Yes,Yes,No,"No, definitely",Not enough new technology,No,Lack of access to water,Not sure,Yes,Very supportive,Yes,Yes
2025/03/01 8:03:22 PM GMT+5:30,19-30 years,Female,Ramanagara,Yes,Yes,Yes,"No, definitely",Too much water used,Not sure,Unpredictable weather,Not sure,No,Not supportive,No,No
2025/03/01 8:04:21 PM GMT+5:30,19-30 years,Female,Padavapura,Yes,No,Not sure,"Yes, definitely",Not enough new technology,Not sure,Overuse of water resources,Yes,Yes,Supportive,Yes,No
2025/03/01 8:05:44 PM GMT+5:30,19-30 years,Female,Mysuru,Yes,No,Not sure,"Yes, definitely",Not enough new technology,No,High cost of irrigation systems,No,No,Neutral,Yes,Yes
2025/03/01 8:06:49 PM GMT+5:30,19-30 years,Male,Maddur,No,Not sure,Not sure,Not sure,Not enough new technology,No,Lack of access to water,Yes,Yes,Very supportive,Yes,Yes
2025/03/01 8:07:30 PM GMT+5:30,10-18 years,Female,Mandya,No,Yes,Yes,"Yes, definitely",Climate change (changes in weather),Yes,Overuse of water resources,Yes,Yes,Supportive,Yes,Yes
2025/03/01 8:08:54 PM GMT+5:30,19-30 years,Female,Mandya,Yes,Yes,No,"Yes, definitely",Too much water used,Yes,Lack of access to water,Yes,No,Very supportive,Yes,Yes
2025/03/01 8:10:45 PM GMT+5:30,19-30 years,Female,Mandya,Yes,No,Yes,"No, definitely",Not enough new technology,Yes,Lack of access to water,Yes,No,Not supportive,Yes,Maybe
2025/03/01 8:11:53 PM GMT+5:30,19-30 years,Female,Maddur,Yes,No,No,"Yes, definitely",Not enough new technology,Yes,Unpredictable weather,Yes,Yes,Very supportive,Yes,Yes
2025/03/01 8:13:04 PM GMT+5:30,19-30 years,Female,Mandya,Yes,Yes,No,"Yes, definitely",Climate change (changes in weather),Yes,Overuse of water resources,Yes,No,Very supportive,Yes,Maybe
2025/03/01 8:15:29 PM GMT+5:30,31-45 years,Female,Mandya,Yes,No,Yes,"Yes, definitely",Not enough new technology,No,High cost of irrigation systems,Yes,Not sure,Not sure,No,No
2025/03/01 8:16:09 PM GMT+5:30,31-45 years,Male,Mandya,Yes,No,Yes,"Yes, definitely",Climate change (changes in weather),Yes,Lack of access to water,Yes,Yes,Neutral,Yes,Yes
2025/03/01 8:16:43 PM GMT+5:30,19-30 years,Male,Mandya,Yes,Yes,Yes,"Yes, definitely",Not enough new technology,Yes,Overuse of water resources,Yes,Yes,Very supportive,Yes,Yes
2025/03/01 8:17:19 PM GMT+5:30,19-30 years,Male,Mandya,Yes,Yes,Yes,"Yes, definitely",Climate change (changes in weather),Yes,Lack of access to water,Yes,Not sure,Very supportive,Yes,Yes
2025/03/01 8:18:03 PM GMT+5:30,19-30 years,Male,Malavalli,Yes,Yes,No,"Yes, definitely",Climate change (changes in weather),Yes,Lack of access to water,Yes,No,Very supportive,Yes,No
2025/03/01 8:18:33 PM GMT+5:30,31-45 years,Male,Mandya,Yes,No,Yes,"Yes, definitely",Not enough new technology,Yes,Lack of access to water,No,No,Very supportive,No,No
2025/03/01 8:26:28 PM GMT+5:30,19-30 years,Male,Hubballi ,Yes,No,No,"No, definitely",Climate change (changes in weather),Yes,Overuse of water resources,Yes,Yes,Supportive,No,No
2025/03/01 8:27:04 PM GMT+5:30,10-18 years,Male,Bangalore ,No,No,Yes,"Yes, definitely",Climate change (changes in weather),No,Lack of access to water,Yes,,Very supportive,Yes,Yes
2025/03/01 8:28:09 PM GMT+5:30,31-45 years,Male,Maddur,No,Yes,Yes,"No, definitely",Not enough new technology,Yes,Lack of access to water,Yes,No,Supportive,Yes,Yes
2025/03/01 8:28:41 PM GMT+5:30,19-30 years,Male,Mandya,Yes,Yes,No,"Yes, definitely",Climate change (changes in weather),Yes,Overuse of water resources,Yes,Not sure,Not supportive,Yes,No
2025/03/01 8:29:11 PM GMT+5:30,19-30 years,Female,Mysuru,Yes,Yes,No,"Yes, definitely",Climate change (changes in weather),Yes,Lack of access to water,Yes,Yes,Neutral,No,Maybe
2025/03/01 8:30:11 PM GMT+5:30,19-30 years,Female,Mysuru ,Yes,No,Yes,"Yes, definitely",Climate change (changes in weather),Yes,Overuse of water resources,Yes,Yes,Neutral,Yes,Yes
2025/03/01 8:30:48 PM GMT+5:30,10-18 years,Female,Mandya,Yes,No,No,"Yes, definitely",Climate change (changes in weather),Yes,Lack of access to water,Yes,No,Neutral,No,No
2025/03/01 8:31:15 PM GMT+5:30,19-30 years,Female,Bangalore ,Yes,No,Yes,"Yes, definitely",Climate change (changes in weather),Yes,Lack of access to water,Yes,No,Neutral,No,Maybe
2025/03/01 8:34:18 PM GMT+5:30,19-30 years,Male,Mysuru,Yes,Yes,Yes,"Yes, definitely",Not enough new technology,Yes,Lack of access to water,Yes,No,Supportive,Yes,No
2025/03/01 8:35:05 PM GMT+5:30,19-30 years,Male,Mysuru,Yes,No,Yes,"No, definitely",Not enough new technology,No,Lack of access to water,No,Not sure,Not supportive,Yes,Maybe
2025/03/01 8:35:50 PM GMT+5:30,19-30 years,Male,Maddur,No,Yes,No,Not sure,Too much water used,No,Lack of access to water,No,Not sure,Supportive,No,Maybe
2025/03/01 8:36:13 PM GMT+5:30,31-45 years,Male,Bangalore ,Yes,No,No,"No, definitely",Not enough new technology,No,Lack of access to water,Yes,No,Neutral,Yes,Maybe
2025/03/01 8:36:50 PM GMT+5:30,19-30 years,Female,Mandya,Yes,Yes,No,"Yes, definitely",Climate change (changes in weather),Yes,Lack of access to water,Yes,Not sure,Neutral,Yes,Yes
2025/03/01 8:37:19 PM GMT+5:30,19-30 years,Female,Mandya,No,Yes,Not sure,Not sure,Not enough new technology,Not sure,Overuse of water resources,No,No,Not sure,No,Yes
2025/03/01 8:37:51 PM GMT+5:30,19-30 years,Female,Mysuru,No,No,No,"No, definitely",Not enough new technology,No,Overuse of water resources,Yes,No,Supportive,Yes,No
2025/03/01 8:38:21 PM GMT+5:30,19-30 years,Female,Mandya,Yes,No,No,"No, definitely",Not enough new technology,No,Lack of access to water,Yes,Yes,Neutral,Yes,Yes
2025/03/01 8:39:04 PM GMT+5:30,19-30 years,Male,Malavalli,No,No,No,"Yes, definitely",Climate change (changes in weather),Yes,Lack of access to water,No,No,Neutral,No,Maybe
2025/03/01 8:39:41 PM GMT+5:30,31-45 years,Male,Mandya,Yes,Yes,Yes,"No, definitely",Climate change (changes in weather),Yes,Lack of access to water,Yes,No,Supportive,Yes,Yes
2025/03/01 8:40:05 PM GMT+5:30,31-45 years,Female,Mandya,Yes,Yes,No,"Yes, definitely",Not enough new technology,Yes,Lack of access to water,Yes,No,Supportive,Yes,Yes
2025/03/01 8:40:29 PM GMT+5:30,31-45 years,Female,Mandya,Yes,Yes,No,"Yes, definitely",Not enough new technology,Yes,Overuse of water resources,Yes,Yes,Neutral,Yes,Yes
2025/03/01 8:40:57 PM GMT+5:30,31-45 years,Male,Bangalore,Yes,Yes,Yes,"Yes, definitely",Not enough new technology,Yes,Lack of access to water,Yes,No,Supportive,Yes,No
2025/03/01 8:41:24 PM GMT+5:30,19-30 years,Female,Bangalore ,Yes,No,Yes,"No, definitely",Climate change (changes in weather),Yes,Lack of access to water,No,No,Very supportive,Yes,Yes
2025/03/01 8:41:54 PM GMT+5:30,19-30 years,Female,Bangalore ,Yes,Yes,Yes,"Yes, definitely",Climate change (changes in weather),Yes,Lack of access to water,Yes,Yes,Very supportive,Yes,Yes
2025/03/01 8:42:17 PM GMT+5:30,19-30 years,Female,Bangalore,Yes,Yes,Yes,"Yes, definitely",Climate change (changes in weather),Yes,Overuse of water resources,Yes,Not sure,Supportive,Yes,Yes
2025/03/01 8:42:44 PM GMT+5:30,10-18 years,Male,Bangalore ,Yes,Yes,Yes,"No, definitely",Too much water used,No,Lack of access to water,Yes,No,Neutral,Yes,Yes
2025/03/01 8:43:14 PM GMT+5:30,10-18 years,Female,Bangalore,Yes,No,Yes,"No, definitely",Not enough new technology,No,Lack of access to water,Yes,No,Neutral,No,Yes
2025/03/01 8:43:38 PM GMT+5:30,19-30 years,Male,Mysuru,Yes,Yes,Yes,"No, definitely",Too much water used,Yes,Lack of access to water,Yes,No,Very supportive,Yes,Yes
2025/03/01 8:54:41 PM GMT+5:30,19-30 years,Male,Mysuru,Yes,Yes,Yes,"No, definitely",Not enough new technology,Yes,Overuse of water resources,Yes,Yes,Supportive,Yes,Yes
2025/03/01 8:55:09 PM GMT+5:30,19-30 years,Female,Mandya ,Yes,Yes,Yes,"Yes, definitely",Climate change (changes in weather),Yes,Lack of access to water,Yes,No,Supportive,Yes,Yes
2025/03/01 8:55:48 PM GMT+5:30,31-45 years,Male,Mandya,Yes,Yes,Yes,"Yes, definitely",Climate change (changes in weather),Yes,Overuse of water resources,Yes,Yes,Supportive,Yes,Yes
2025/03/01 8:57:09 PM GMT+5:30,19-30 years,Male,Tumkur,Yes,Yes,Yes,"Yes, definitely",Climate change (changes in weather),Yes,Lack of access to water,Yes,Yes,Neutral,Yes,No
2025/03/01 8:59:27 PM GMT+5:30,19-30 years,Female,Maddur,Yes,Yes,Yes,"Yes, definitely",Climate change (changes in weather),Yes,Lack of access to water,Yes,No,Supportive,Yes,No
2025/03/01 9:00:37 PM GMT+5:30,19-30 years,Female,Mandya,Yes,Yes,No,"Yes, definitely",Not enough new technology,No,Overuse of water resources,Yes,Yes,Neutral,Yes,No
2025/03/01 9:01:39 PM GMT+5:30,19-30 years,Female,Mandya,Yes,Yes,Yes,"Yes, definitely",Not enough new technology,Yes,Unpredictable weather,Yes,No,Neutral,Yes,No
2025/03/01 9:02:39 PM GMT+5:30,19-30 years,Female,Mandya,Yes,No,Yes,"Yes, definitely",Climate change (changes in weather),Yes,Unpredictable weather,Yes,No,Not sure,No,No
2025/03/01 9:03:11 PM GMT+5:30,19-30 years,Female,Mysuru,No,Yes,Yes,"No, definitely",Not enough new technology,Not sure,Lack of access to water,Yes,No,Supportive,Yes,Yes
2025/03/01 9:05:11 PM GMT+5:30,19-30 years,Female,Chitradurga,Yes,Yes,No,"Yes, definitely",Not enough new technology,No,Unpredictable weather,Yes,Yes,Supportive,Yes,Yes
2025/03/01 9:06:11 PM GMT+5:30,10-18 years,Female,Mandya,Yes,No,Yes,"Yes, definitely",Climate change (changes in weather),Yes,Lack of access to water,Yes,No,Supportive,Yes,No
2025/03/01 9:07:39 PM GMT+5:30,19-30 years,Female,Mandya,Yes,Yes,No,"Yes, definitely",Climate change (changes in weather),Yes,Lack of access to water,Yes,Not sure,Neutral,Yes,Yes
2025/03/01 9:28:06 PM GMT+5:30,31-45 years,Female,Bangalore ,Yes,Yes,Yes,,Climate change (changes in weather),Yes,Unpredictable weather,Yes,No,Very supportive,Yes,Yes
2025/03/01 9:28:37 PM GMT+5:30,46-60 years,Female,Bangalore ,Yes,Yes,Yes,"Yes, definitely",Climate change (changes in weather),Yes,Unpredictable weather,Yes,No,Supportive,Yes,No
2025/03/01 9:29:06 PM GMT+5:30,19-30 years,Female,Bangalore ,Yes,No,Yes,"No, definitely",Climate change (changes in weather),Yes,Unpredictable weather,Yes,No,Supportive,No,No
2025/03/01 9:29:40 PM GMT+5:30,31-45 years,Female,Mandya,Yes,Yes,Yes,"Yes, definitely",Climate change (changes in weather),Yes,Unpredictable weather,Yes,No,Supportive,No,Yes
2025/03/01 9:30:05 PM GMT+5:30,31-45 years,Female,Mysuru,Yes,No,Not sure,Not sure,Too much water used,No,Lack of access to water,Yes,No,Supportive,Yes,Yes
2025/03/01 9:30:47 PM GMT+5:30,10-18 years,Female,Bangalore ,Yes,Yes,Yes,"Yes, definitely",Climate change (changes in weather),Yes,Unpredictable weather,Yes,No,Neutral,Yes,Yes
2025/03/01 9:32:13 PM GMT+5:30,10-18 years,Female,Bangalore ,Yes,Yes,Yes,"Yes, definitely",Climate change (changes in weather),Yes,Unpredictable weather,Yes,No,Very supportive,Yes,No
2025/03/01 9:34:05 PM GMT+5:30,19-30 years,Female,Mysuru ,Yes,Yes,Yes,"Yes, definitely",Climate change (changes in weather),Yes,Lack of access to water,Yes,No,Neutral,Yes,Yes
2025/03/01 9:34:43 PM GMT+5:30,19-30 years,Female,Mandya,Yes,Yes,Yes,"Yes, definitely",Climate change (changes in weather),Yes,Overuse of water resources,Yes,Yes,Supportive,No,Yes
2025/03/01 9:35:19 PM GMT+5:30,19-30 years,Female,Mysuru ,Yes,Yes,Yes,"Yes, definitely",Climate change (changes in weather),Yes,Unpredictable weather,Yes,Not sure,Neutral,Yes,No
2025/03/01 9:35:51 PM GMT+5:30,19-30 years,Female,Mandya,Yes,Yes,Yes,"Yes, definitely",Climate change (changes in weather),Yes,Lack of access to water,Yes,No,Not supportive,No,
2025/03/01 9:36:41 PM GMT+5:30,19-30 years,Female,Mandya,Yes,Yes,No,"Yes, definitely",Too much water used,Yes,Overuse of water resources,Yes,Not sure,Not supportive,Yes,No
2025/03/01 9:37:12 PM GMT+5:30,19-30 years,Female,Bangalore ,Yes,No,No,Not sure,Too much water used,Not sure,Lack of access to water,No,Not sure,Not sure,Yes,No
2025/03/01 9:38:08 PM GMT+5:30,19-30 years,Female,Bangalore ,Yes,Yes,Yes,"Yes, definitely",Climate change (changes in weather),Yes,Lack of access to water,Yes,No,Very supportive,Yes,No
2025/03/01 9:38:32 PM GMT+5:30,19-30 years,Male,Mandya,No,No,No,"Yes, definitely",Climate change (changes in weather),Yes,Lack of access to water,Yes,No,Supportive,Yes,No
2025/03/01 9:39:06 PM GMT+5:30,19-30 years,Female,Tumkar,Yes,Yes,No,"Yes, definitely",Climate change (changes in weather),No,Lack of access to water,Yes,No,Neutral,No,No
2025/03/01 9:39:41 PM GMT+5:30,19-30 years,Female,Kollegala ,Yes,Yes,Yes,Not sure,Not enough new technology,No,Lack of access to water,No,No,Not sure,Yes,Maybe
2025/03/01 9:40:40 PM GMT+5:30,31-45 years,Female,Chitradurga,Yes,No,Yes,"No, definitely",Climate change (changes in weather),No,Unpredictable weather,No,Yes,Neutral,Yes,Yes
2025/03/01 9:41:23 PM GMT+5:30,31-45 years,Female,Mandya,Yes,Yes,Yes,"Yes, definitely",Climate change (changes in weather),Yes,High cost of irrigation systems,Yes,Yes,Very supportive,Yes,
2025/03/01 9:42:14 PM GMT+5:30,31-45 years,Female,Hubballi ,No,Yes,No,"Yes, definitely",Not enough new technology,Yes,Unpredictable weather,Yes,Yes,Supportive,Yes,Yes
2025/03/01 9:43:25 PM GMT+5:30,19-30 years,Female,Mandya,No,Yes,No,"Yes, definitely",Climate change (changes in weather),Yes,Unpredictable weather,Yes,Yes,Very supportive,Yes,Yes
2025/03/01 9:44:42 PM GMT+5:30,19-30 years,Female,Chitradurga ,Yes,Yes,No,"Yes, definitely",Climate change (changes in weather),Yes,Lack of access to water,Yes,Yes,Neutral,Yes,No
2025/03/01 9:46:43 PM GMT+5:30,19-30 years,Female,Mandya,Yes,Yes,Yes,"Yes, definitely",Climate change (changes in weather),Yes,Unpredictable weather,No,No,Supportive,Yes,Yes
2025/03/01 9:47:13 PM GMT+5:30,19-30 years,Female,Bangalore ,Yes,No,Yes,"No, definitely",Not enough new technology,No,Unpredictable weather,No,No,Supportive,Yes,Yes
2025/03/01 9:47:49 PM GMT+5:30,19-30 years,Female,Mandya,Yes,Yes,No,"Yes, definitely",Climate change (changes in weather),Yes,Lack of access to water,Yes,No,Supportive,Yes,Yes
2025/03/01 9:49:14 PM GMT+5:30,19-30 years,Female,Mysuru,Yes,No,Yes,"Yes, definitely",Not enough new technology,Yes,Overuse of water resources,No,Yes,Very supportive,Yes,Yes
2025/03/01 9:50:46 PM GMT+5:30,19-30 years,Male,Kollegala ,Yes,Yes,Yes,"Yes, definitely",Climate change (changes in weather),Yes,Lack of access to water,Yes,No,Supportive,Yes,Yes
2025/03/01 9:51:25 PM GMT+5:30,19-30 years,Female,Ramanagara,Yes,Yes,Yes,"No, definitely",Climate change (changes in weather),Yes,Overuse of water resources,Yes,No,Supportive,Yes,Yes
2025/03/01 9:52:02 PM GMT+5:30,19-30 years,Female,Mysuru,Yes,Yes,Yes,"Yes, definitely",Climate change (changes in weather),Yes,Overuse of water resources,Yes,Yes,Supportive,Yes,Yes
2025/03/01 9:52:54 PM GMT+5:30,19-30 years,Female,Mysuru,Yes,Yes,Yes,"Yes, definitely",Climate change (changes in weather),Yes,High cost of irrigation systems,Yes,No,Neutral,Yes,Yes
2025/03/01 9:53:27 PM GMT+5:30,31-45 years,Female,Mysuru,Yes,Yes,Yes,"Yes, definitely",Climate change (changes in weather),Yes,Lack of access to water,Yes,No,Very supportive,Yes,Yes
2025/03/01 9:53:57 PM GMT+5:30,31-45 years,Female,Mysuru,Yes,Yes,Yes,"Yes, definitely",Climate change (changes in weather),Yes,Overuse of water resources,Yes,No,Neutral,Yes,Yes
2025/03/01 9:54:31 PM GMT+5:30,19-30 years,Female,Mysuru,Yes,Yes,No,"Yes, definitely",Climate change (changes in weather),No,Overuse of water resources,Yes,Yes,Very supportive,Yes,No
2025/03/01 9:55:02 PM GMT+5:30,31-45 years,Male,Mysuru,Yes,Yes,Not sure,"Yes, definitely",Climate change (changes in weather),Yes,Overuse of water resources,Yes,Yes,Supportive,Yes,Yes
2025/03/01 9:55:36 PM GMT+5:30,31-45 years,Female,Mysuru,Yes,Yes,Yes,"Yes, definitely",Climate change (changes in weather),Yes,Lack of access to water,Yes,Yes,Very supportive,Yes,Yes
2025/03/01 9:56:19 PM GMT+5:30,19-30 years,Male,Maddur,Yes,Not sure,Not sure,Not sure,Too much water used,Yes,Lack of access to water,Yes,No,Very supportive,Yes,Yes
2025/03/01 9:57:34 PM GMT+5:30,19-30 years,Female,Kanakapura,Yes,Yes,Yes,"Yes, definitely",Climate change (changes in weather),Yes,Lack of access to water,Yes,Not sure,Neutral,Yes,Yes
2025/03/01 9:58:51 PM GMT+5:30,10-18 years,Female,Bangalore ,Yes,Yes,Yes,"Yes, definitely",Climate change (changes in weather),Yes,Lack of access to water,Yes,No,Supportive,Yes,Yes
2025/03/01 10:00:18 PM GMT+5:30,19-30 years,Female,Mandya,Yes,No,Yes,Not sure,Climate change (changes in weather),Not sure,Unpredictable weather,Yes,No,Very supportive,Yes,Yes
2025/03/01 10:00:49 PM GMT+5:30,19-30 years,Male,Mandya,,,,,Not enough new technology,No,Unpredictable weather,Yes,No,Neutral,Yes,No
2025/03/01 10:01:54 PM GMT+5:30,19-30 years,Female,Mandya,Yes,Yes,Yes,"Yes, definitely",Climate change (changes in weather),Yes,Overuse of water resources,Yes,No,Very supportive,Yes,Yes
2025/03/01 10:02:31 PM GMT+5:30,19-30 years,Male,Mysuru,Yes,Yes,Yes,"Yes, definitely",Climate change (changes in weather),No,Lack of access to water,Not sure,Yes,Very supportive,Yes,Yes
2025/03/01 10:03:15 PM GMT+5:30,19-30 years,Male,Mandya,Yes,No,Yes,Not sure,.,Yes,Lack of access to water,No,No,Supportive,Yes,Yes
2025/03/01 10:04:21 PM GMT+5:30,19-30 years,Male,Mysuru,Yes,Yes,No,"No, definitely",Too much water used,Not sure,Lack of access to water,Yes,Yes,Supportive,Yes,Yes
2025/03/01 10:06:25 PM GMT+5:30,10-18 years,Female,Mandya,Yes,Yes,Yes,Not sure,Not enough new technology,Yes,Lack of access to water,Yes,No,Neutral,Yes,Yes
2025/03/02 7:25:07 AM GMT+5:30,31-45 years,Male,Tumkur,No,No,Yes,"Yes, definitely",Climate change (changes in weather),No,Unpredictable weather,Yes,No,Supportive,Yes,Yes
2025/03/02 7:26:17 AM GMT+5:30,19-30 years,Female,Bnaglore,Yes,No,Yes,"Yes, definitely",Not enough new technology,No,Unpredictable weather,Yes,No,Supportive,Yes,Yes
2025/03/02 7:26:46 AM GMT+5:30,31-45 years,Female,Mysore,No,Yes,Yes,"Yes, definitely",Not enough new technology,No,Overuse of water resources,Yes,No,Neutral,Yes,No
2025/03/02 7:27:36 AM GMT+5:30,19-30 years,Male,Mandya,No,Yes,Yes,"Yes, definitely",Not enough new technology,No,Unpredictable weather,Yes,No,Supportive,Yes,Yes
2025/03/02 7:29:39 AM GMT+5:30,31-45 years,Male,Mandya,No,Yes,Yes,"Yes, definitely",Climate change (changes in weather),No,Lack of access to water,Yes,No,Supportive,Yes,No
2025/03/02 7:30:06 AM GMT+5:30,31-45 years,Female,Banglore,No,Yes,No,"Yes, definitely",Climate change (changes in weather),Yes,Lack of access to water,Yes,Yes,Supportive,Yes,Yes
2025/03/02 7:30:38 AM GMT+5:30,10-18 years,Male,Mysore,No,Yes,Yes,"Yes, definitely",Climate change (changes in weather),No,Lack of access to water,Yes,No,Supportive,Yes,Yes
2025/03/02 7:31:07 AM GMT+5:30,31-45 years,Male,Mysore,No,Yes,Yes,"No, definitely",Not enough new technology,No,Overuse of water resources,Yes,No,Neutral,Yes,Yes
2025/03/02 7:32:41 AM GMT+5:30,31-45 years,Male,Mysore,No,Yes,Yes,"Yes, definitely",Not enough new technology,No,Lack of access to water,Yes,No,Very supportive,Yes,Yes
2025/03/02 7:33:09 AM GMT+5:30,31-45 years,Female,Banglore,Yes,No,Yes,"Yes, definitely",Not enough new technology,No,Overuse of water resources,Yes,No,Very supportive,Yes,Yes
2025/03/02 7:33:48 AM GMT+5:30,19-30 years,Female,Banglore,No,Yes,No,"Yes, definitely",Climate change (changes in weather),No,Lack of access to water,Yes,No,Neutral,Yes,Yes
2025/03/02 7:34:14 AM GMT+5:30,31-45 years,Male,Mandya ,Yes,No,No,"Yes, definitely",Not enough new technology,Yes,Lack of access to water,No,No,Supportive,Yes,Yes
2025/03/02 7:34:38 AM GMT+5:30,31-45 years,Male,Mandya,No,Yes,No,"Yes, definitely",Climate change (changes in weather),No,Lack of access to water,Yes,Yes,Supportive,Yes,Yes
2025/03/02 7:35:26 AM GMT+5:30,31-45 years,Female,Maddur ,Yes,No,Yes,"Yes, definitely",Climate change (changes in weather),No,Lack of access to water,Yes,No,Neutral,Yes,No
2025/03/02 7:38:00 AM GMT+5:30,19-30 years,Female,Mandya,No,Yes,No,"Yes, definitely",Not enough new technology,No,Lack of access to water,Yes,Yes,Supportive,Yes,Yes
2025/03/02 7:40:14 AM GMT+5:30,19-30 years,Female,Banglore,No,Yes,No,"Yes, definitely",Not enough new technology,No,Unpredictable weather,Yes,Yes,Very supportive,Yes,Yes
2025/03/02 7:40:53 AM GMT+5:30,31-45 years,Female,Mysore,No,Yes,No,"Yes, definitely",Climate change (changes in weather),No,Lack of access to water,Yes,Yes,Neutral,Yes,Yes
2025/03/02 7:41:48 AM GMT+5:30,31-45 years,Female,Mandya,No,Yes,No,"Yes, definitely",Climate change (changes in weather),No,Overuse of water resources,Yes,Yes,Very supportive,Yes,Yes
2025/03/02 7:42:27 AM GMT+5:30,31-45 years,Female,Banglore,No,Yes,No,"Yes, definitely",Climate change (changes in weather),No,Lack of access to water,Yes,Yes,Supportive,Yes,Yes
2025/03/02 7:43:10 AM GMT+5:30,19-30 years,Male,Mysore ,No,Yes,No,"Yes, definitely",Not enough new technology,No,Overuse of water resources,Yes,No,Supportive,Yes,Yes
2025/03/02 7:43:55 AM GMT+5:30,19-30 years,Male,Mysore,No,Yes,No,"Yes, definitely",Not enough new technology,No,Lack of access to water,Yes,No,Supportive,Yes,No
2025/03/02 7:45:51 AM GMT+5:30,19-30 years,Female,Mandya,Yes,No,Yes,"Yes, definitely",Not enough new technology,No,Lack of access to water,Yes,No,Neutral,Yes,Yes
2025/03/02 7:46:26 AM GMT+5:30,19-30 years,Female,Banglore,Yes,No,Yes,"Yes, definitely",Climate change (changes in weather),No,Lack of access to water,Yes,No,Supportive,Yes,Yes
2025/03/02 7:46:49 AM GMT+5:30,19-30 years,Female,Mysore,No,Yes,Yes,"Yes, definitely",Climate change (changes in weather),No,Lack of access to water,Yes,No,Supportive,Yes,Yes
2025/03/02 7:49:05 AM GMT+5:30,19-30 years,Female,Mysore,No,Yes,Yes,"Yes, definitely",Not enough new technology,No,Unpredictable weather,Yes,No,Neutral,No,Maybe
2025/03/02 7:49:57 AM GMT+5:30,19-30 years,Female,Mandya,Yes,No,Yes,"Yes, definitely",Not enough new technology,No,Overuse of water resources,Yes,No,Supportive,Yes,No
2025/03/02 7:50:28 AM GMT+5:30,31-45 years,Female,Mysore,Yes,No,Yes,"Yes, definitely",Not enough new technology,Yes,High cost of irrigation systems,Yes,Not sure,Not supportive,Yes,Maybe
2025/03/02 7:58:20 AM GMT+5:30,19-30 years,Male,Malavalli ,No,Yes,No,"Yes, definitely",Climate change (changes in weather),No,Lack of access to water,Yes,Not sure,Supportive,No,Maybe
2025/03/02 8:00:58 AM GMT+5:30,31-45 years,Male,Kolegala ,No,Yes,No,"Yes, definitely",Climate change (changes in weather),No,Overuse of water resources,Yes,No,Neutral,Yes,Maybe
2025/03/02 8:02:21 AM GMT+5:30,19-30 years,Male,Manglore,No,Yes,No,"Yes, definitely",Not enough new technology,No,Lack of access to water,Yes,Not sure,Neutral,Yes,Yes
2025/03/02 8:04:32 AM GMT+5:30,31-45 years,Female,Malavali ,No,Yes,No,"Yes, definitely",Climate change (changes in weather),No,Lack of access to water,Yes,No,Not sure,No,Yes
2025/03/02 8:05:58 AM GMT+5:30,19-30 years,Male,Maddhur ,No,Yes,No,"Yes, definitely",Climate change (changes in weather),No,Unpredictable weather,Yes,No,Supportive,Yes,No
2025/03/02 8:06:54 AM GMT+5:30,19-30 years,Female,Malavali,No,Yes,No,"Yes, definitely",Climate change (changes in weather),No,Overuse of water resources,Yes,Yes,Neutral,Yes,Yes
2025/03/02 8:12:47 AM GMT+5:30,19-30 years,Female,Maddhur,No,Yes,No,"Yes, definitely",Climate change (changes in weather),No,High cost of irrigation systems,Yes,No,Neutral,No,Maybe
2025/03/02 8:13:27 AM GMT+5:30,31-45 years,Male,Mandya,No,Yes,No,"Yes, definitely",Climate change (changes in weather),No,Lack of access to water,Yes,No,Supportive,Yes,Yes
2025/03/02 8:14:10 AM GMT+5:30,31-45 years,Female,Mandya,No,Yes,No,"Yes, definitely",Climate change (changes in weather),No,Overuse of water resources,Yes,No,Supportive,Yes,Yes
2025/03/02 8:15:27 AM GMT+5:30,31-45 years,Male,Banglore,No,Yes,No,"Yes, definitely",Climate change (changes in weather),No,Lack of access to water,Yes,Yes,Neutral,Yes,Yes
2025/03/02 8:16:02 AM GMT+5:30,31-45 years,Female,Mysore,No,Yes,No,"Yes, definitely",Climate change (changes in weather),No,Lack of access to water,Yes,No,Supportive,Yes,No
2025/03/02 8:16:28 AM GMT+5:30,31-45 years,Male,Banglore,No,Yes,No,"Yes, definitely",Climate change (changes in weather),No,Lack of access to water,Yes,No,Very supportive,Yes,Yes
2025/03/02 8:16:50 AM GMT+5:30,46-60 years,Male,Banglore,No,Yes,No,"Yes, definitely",Climate change (changes in weather),No,Overuse of water resources,Yes,Yes,Very supportive,Yes,Yes
2025/03/02 8:17:33 AM GMT+5:30,31-45 years,Male,Mysore,No,Yes,No,"Yes, definitely",Climate change (changes in weather),No,Lack of access to water,Yes,Not sure,Supportive,Yes,Yes
2025/03/02 8:20:03 AM GMT+5:30,19-30 years,Male,Mandya,No,Yes,No,"Yes, definitely",Climate change (changes in weather),No,Lack of access to water,Yes,No,Neutral,Yes,Yes
2025/03/02 8:28:48 AM GMT+5:30,31-45 years,Male,Mandya,No,No,Yes,"Yes, definitely",Not enough new technology,No,Overuse of water resources,Yes,No,Neutral,No,Yes
2025/03/02 8:29:18 AM GMT+5:30,19-30 years,Female,Maddhur ,No,Yes,No,"Yes, definitely",Climate change (changes in weather),No,Lack of access to water,Yes,No,Very supportive,Yes,Yes
2025/03/02 8:29:46 AM GMT+5:30,31-45 years,Female,Banglore,No,Yes,No,"Yes, definitely",Climate change (changes in weather),No,Overuse of water resources,Yes,Yes,Supportive,Yes,Yes
2025/03/02 8:30:25 AM GMT+5:30,31-45 years,Male,Banglore,No,Yes,No,"Yes, definitely",Climate change (changes in weather),No,Lack of access to water,Yes,No,Supportive,Yes,Yes
2025/03/02 8:32:57 AM GMT+5:30,31-45 years,Female,Banglore,No,Yes,No,"Yes, definitely",Not enough new technology,Yes,Lack of access to water,Yes,Yes,Supportive,Yes,Yes
2025/03/02 8:35:11 AM GMT+5:30,19-30 years,Female,Mysore,No,Yes,Yes,"Yes, definitely",Not enough new technology,No,Lack of access to water,Yes,Yes,Neutral,Yes,No
2025/03/02 8:35:53 AM GMT+5:30,31-45 years,Female,Maddhur,No,Yes,No,"Yes, definitely",Climate change (changes in weather),No,Lack of access to water,Yes,No,Supportive,Yes,No
2025/03/02 8:36:28 AM GMT+5:30,31-45 years,Female,Mandya,No,Yes,No,"Yes, definitely",Climate change (changes in weather),No,Lack of access to water,Yes,Yes,Neutral,Yes,No
2025/03/02 8:36:54 AM GMT+5:30,31-45 years,Male,Maddhur,No,Yes,No,"Yes, definitely",Climate change (changes in weather),No,Lack of access to water,Yes,No,Neutral,Yes,No
2025/03/02 8:37:36 AM GMT+5:30,31-45 years,Male,Maddhur,No,Yes,No,"Yes, definitely",Climate change (changes in weather),No,Lack of access to water,Yes,No,Not sure,No,No
2025/03/02 8:40:35 AM GMT+5:30,19-30 years,Male,Maddhur,No,Yes,No,"Yes, definitely",Not enough new technology,No,Overuse of water resources,Yes,No,Supportive,Yes,Yes
2025/03/02 8:41:16 AM GMT+5:30,19-30 years,Female,Maddhur ,No,Yes,Yes,"Yes, definitely",Climate change (changes in weather),No,Overuse of water resources,Yes,Yes,Supportive,Yes,Yes
2025/03/02 8:41:44 AM GMT+5:30,31-45 years,Female,Banglore ,No,Yes,No,"Yes, definitely",Climate change (changes in weather),No,Lack of access to water,Yes,No,Supportive,Yes,No
2025/03/02 8:42:13 AM GMT+5:30,19-30 years,Female,Banglore,Yes,No,Yes,"Yes, definitely",Climate change (changes in weather),No,Lack of access to water,Yes,Not sure,Neutral,Yes,Yes
2025/03/02 8:43:03 AM GMT+5:30,31-45 years,Male,Mysore,No,Yes,Yes,"Yes, definitely",Climate change (changes in weather),No,Lack of access to water,Yes,No,Very supportive,Yes,Yes
2025/03/02 8:43:37 AM GMT+5:30,31-45 years,Female,Banglore,No,Yes,No,"Yes, definitely",Climate change (changes in weather),No,Lack of access to water,Yes,No,Supportive,Yes,No
2025/03/02 8:44:19 AM GMT+5:30,10-18 years,Female,Mandya,No,No,,"No, definitely",Climate change (changes in weather),No,Overuse of water resources,Yes,No,Supportive,No,No
2025/03/02 8:44:42 AM GMT+5:30,31-45 years,Female,Banglore,No,Yes,No,"Yes, definitely",Climate change (changes in weather),No,Lack of access to water,Yes,No,Supportive,No,Yes
2025/03/02 8:45:22 AM GMT+5:30,31-45 years,Female,Banglore,No,Yes,No,"Yes, definitely",Climate change (changes in weather),No,Lack of access to water,Yes,No,Supportive,Yes,Yes
2025/03/02 8:46:09 AM GMT+5:30,19-30 years,Female,Mandya,No,Yes,No,"Yes, definitely",Climate change (changes in weather),No,Lack of access to water,Yes,No,Neutral,Yes,Yes
2025/03/02 8:46:48 AM GMT+5:30,19-30 years,Male,Mandya,No,Yes,No,"Yes, definitely",Climate change (changes in weather),No,Overuse of water resources,Yes,No,Very supportive,Yes,No
2025/03/02 8:47:13 AM GMT+5:30,31-45 years,Male,Mandya,No,Yes,No,"Yes, definitely",Climate change (changes in weather),No,Lack of access to water,Yes,No,Neutral,Yes,Yes
2025/03/02 8:47:42 AM GMT+5:30,31-45 years,Male,Mysore,No,No,Yes,"Yes, definitely",Climate change (changes in weather),No,Lack of access to water,Yes,Yes,Supportive,No,Yes
2025/03/02 8:48:43 AM GMT+5:30,31-45 years,Male,Mandya,No,Yes,No,"Yes, definitely",Climate change (changes in weather),No,Lack of access to water,Yes,Not sure,Neutral,Yes,No
2025/03/02 8:49:10 AM GMT+5:30,31-45 years,Female,Mandya,No,Yes,No,"Yes, definitely",Not enough new technology,No,Overuse of water resources,Yes,No,Not supportive,No,
2025/03/02 8:49:49 AM GMT+5:30,19-30 years,Female,Mandya,No,Yes,No,"Yes, definitely",Climate change (changes in weather),No,Lack of access to water,Yes,Not sure,Not supportive,Yes,No
2025/03/02 8:50:10 AM GMT+5:30,31-45 years,Male,Banglore,No,Yes,No,"Yes, definitely",Climate change (changes in weather),No,Overuse of water resources,Yes,Not sure,Not sure,Yes,No
2025/03/02 8:51:53 AM GMT+5:30,31-45 years,Female,Banglore,No,Yes,No,"No, definitely",Climate change (changes in weather),No,Lack of access to water,Yes,No,Very supportive,Yes,No
2025/03/02 8:52:40 AM GMT+5:30,31-45 years,Female,Mandya,No,Yes,No,"Yes, definitely",Climate change (changes in weather),No,Lack of access to water,Yes,No,Supportive,Yes,No
2025/03/02 8:53:34 AM GMT+5:30,31-45 years,Male,Mysore,No,Yes,Yes,"Yes, definitely",Climate change (changes in weather),No,Overuse of water resources,Yes,No,Neutral,No,No
2025/03/02 8:54:24 AM GMT+5:30,31-45 years,Female,Mysore,No,Yes,No,"Yes, definitely",Climate change (changes in weather),No,Unpredictable weather,Yes,No,Not sure,Yes,Maybe
2025/03/02 8:55:04 AM GMT+5:30,19-30 years,Female,Banglore,No,Yes,No,"Yes, definitely",Climate change (changes in weather),No,Unpredictable weather,Yes,Yes,Neutral,Yes,Yes
2025/03/02 8:55:41 AM GMT+5:30,19-30 years,Female,Mysore,No,Yes,No,"Yes, definitely",Climate change (changes in weather),No,Lack of access to water,Yes,Yes,Very supportive,Yes,
2025/03/02 8:57:06 AM GMT+5:30,31-45 years,Male,Banglore,No,Yes,No,"Yes, definitely",Climate change (changes in weather),No,Unpredictable weather,Yes,Yes,Supportive,Yes,Yes
2025/03/02 8:57:34 AM GMT+5:30,19-30 years,Male,Mandya,No,Yes,No,"Yes, definitely",Climate change (changes in weather),No,Lack of access to water,Yes,Yes,Very supportive,Yes,Yes
2025/03/02 8:58:04 AM GMT+5:30,19-30 years,Male,Mysore,No,Yes,No,"Yes, definitely",Climate change (changes in weather),No,Lack of access to water,Yes,Yes,Neutral,Yes,No
2025/03/02 8:58:31 AM GMT+5:30,31-45 years,Female,Banglore,No,Yes,No,"Yes, definitely",Climate change (changes in weather),No,Unpredictable weather,Yes,No,Supportive,Yes,Yes
2025/03/02 8:59:18 AM GMT+5:30,19-30 years,Female,Maddhur,No,Yes,Yes,"Yes, definitely",Climate change (changes in weather),No,Unpredictable weather,Yes,No,Supportive,Yes,Yes
2025/03/02 9:02:15 AM GMT+5:30,19-30 years,Male,Banglore,No,Yes,No,"Yes, definitely",Climate change (changes in weather),Yes,Unpredictable weather,Yes,No,Supportive,Yes,Yes
2025/03/02 9:02:52 AM GMT+5:30,31-45 years,Female,Banglore,No,Yes,No,"Yes, definitely",Climate change (changes in weather),No,Unpredictable weather,Yes,Yes,Very supportive,Yes,Yes
2025/03/02 9:03:26 AM GMT+5:30,31-45 years,Female,Mysore,No,Yes,No,"Yes, definitely",Not enough new technology,No,Lack of access to water,Yes,No,Supportive,Yes,Yes
2025/03/02 9:04:20 AM GMT+5:30,19-30 years,Male,Banglore,No,Yes,No,"Yes, definitely",Climate change (changes in weather),No,Unpredictable weather,Yes,No,Supportive,Yes,Yes
2025/03/02 9:05:11 AM GMT+5:30,31-45 years,Male,Maddhur,No,Yes,No,"Yes, definitely",Climate change (changes in weather),No,Unpredictable weather,Yes,Yes,Supportive,Yes,Yes
2025/03/02 9:10:38 AM GMT+5:30,31-45 years,Female,Banglore,No,Yes,No,"Yes, definitely",Climate change (changes in weather),No,Lack of access to water,Yes,No,Neutral,Yes,Yes
2025/03/02 9:11:17 AM GMT+5:30,31-45 years,Female,Maddhur,No,Yes,No,"Yes, definitely",Climate change (changes in weather),No,Overuse of water resources,Yes,No,Very supportive,Yes,Yes
2025/03/02 9:12:06 AM GMT+5:30,31-45 years,Male,Mandya,No,Yes,No,"Yes, definitely",Climate change (changes in weather),No,Unpredictable weather,Yes,No,Neutral,Yes,Yes
2025/03/02 9:13:13 AM GMT+5:30,31-45 years,Female,Mandya,No,Yes,No,"No, definitely",Climate change (changes in weather),No,Lack of access to water,Yes,Yes,Very supportive,Yes,No
2025/03/02 9:13:40 AM GMT+5:30,31-45 years,Female,Malavalli,No,Yes,No,"Yes, definitely",Climate change (changes in weather),No,Overuse of water resources,Yes,Yes,Supportive,Yes,Yes
2025/03/02 9:14:17 AM GMT+5:30,19-30 years,Male,Mandya,No,Yes,No,"Yes, definitely",Climate change (changes in weather),No,Lack of access to water,Yes,Yes,Very supportive,Yes,Yes
2025/03/02 9:46:28 AM GMT+5:30,19-30 years,Male,Maddur,Yes,No,No,"Yes, definitely",Climate change (changes in weather),Yes,Lack of access to water,Yes,No,Very supportive,Yes,Yes
2025/03/02 9:47:25 AM GMT+5:30,19-30 years,Male,Mandya,Yes,No,Yes,"No, definitely",Climate change (changes in weather),No,Lack of access to water,No,Not sure,Neutral,Yes,Yes
2025/03/02 9:48:06 AM GMT+5:30,31-45 years,Male,Bangalore ,Yes,Yes,Yes,"Yes, definitely",Not enough new technology,Yes,Lack of access to water,Yes,No,Supportive,Yes,Yes
2025/03/02 9:48:32 AM GMT+5:30,19-30 years,Male,Bangalore ,Yes,Yes,Yes,"Yes, definitely",Climate change (changes in weather),Yes,Lack of access to water,Yes,No,Very supportive,Yes,Yes
2025/03/02 9:49:15 AM GMT+5:30,19-30 years,Female,Maddur,Yes,No,Not sure,Not sure,Not enough new technology,Yes,Unpredictable weather,Yes,No,Neutral,Yes,No
2025/03/02 9:50:08 AM GMT+5:30,31-45 years,Female,Mandya,Yes,No,Yes,"No, definitely",Not enough new technology,Yes,High cost of irrigation systems,Yes,No,Very supportive,Yes,Yes
2025/03/02 9:50:38 AM GMT+5:30,31-45 years,Male,Mandya,Yes,No,No,"No, definitely",Climate change (changes in weather),No,Unpredictable weather,Yes,Yes,Very supportive,Yes,Yes
2025/03/02 9:51:14 AM GMT+5:30,19-30 years,Male,Mandya,Yes,Yes,Yes,"Yes, definitely",Too much water used,Yes,Unpredictable weather,Yes,No,Supportive,Yes,Yes
2025/03/02 9:52:05 AM GMT+5:30,19-30 years,Female,Maddur,Yes,Yes,Not sure,Not sure,Climate change (changes in weather),No,Lack of access to water,Yes,Yes,Supportive,Yes,Yes
2025/03/02 9:54:44 AM GMT+5:30,31-45 years,Male,Malavalli,Yes,No,Not sure,Not sure,,Yes,Unpredictable weather,Yes,No,Neutral,Yes,Yes
2025/03/02 9:55:43 AM GMT+5:30,19-30 years,Male,Mandya,Yes,No,Yes,"No, definitely",Climate change (changes in weather),No,Unpredictable weather,Not sure,No,Supportive,Yes,Yes
2025/03/02 9:56:08 AM GMT+5:30,19-30 years,Male,Mandya,Yes,Yes,Yes,"Yes, definitely",Climate change (changes in weather),No,Lack of access to water,Yes,No,Supportive,Yes,Yes
2025/03/02 9:56:42 AM GMT+5:30,19-30 years,Female,Mandya,Yes,Yes,Yes,"Yes, definitely",,Yes,Overuse of water resources,Yes,No,Neutral,Yes,No
2025/03/02 9:57:10 AM GMT+5:30,19-30 years,Male,Mandya,Yes,Yes,No,"No, definitely",Climate change (changes in weather),Yes,Lack of access to water,Not sure,No,Supportive,Yes,Yes
2025/03/02 9:58:07 AM GMT+5:30,31-45 years,Female,Malavalli,Yes,Yes,Yes,Not sure,Climate change (changes in weather),Yes,Overuse of water resources,Not sure,No,Supportive,Yes,No
2025/03/02 9:58:33 AM GMT+5:30,31-45 years,Male,Maddur,Yes,Yes,No,Not sure,Climate change (changes in weather),No,Overuse of water resources,Not sure,Yes,Supportive,Yes,Yes
2025/03/02 9:59:03 AM GMT+5:30,31-45 years,Female,Mysuru,Yes,No,Not sure,Not sure,Too much water used,Yes,High cost of irrigation systems,Not sure,No,Supportive,Yes,Yes
2025/03/02 9:59:59 AM GMT+5:30,31-45 years,Female,Mysuru,No,Yes,Not sure,Not sure,Climate change (changes in weather),No,Lack of access to water,No,No,Neutral,Yes,Yes
2025/03/03 5:47:34 PM GMT+5:30,19-30 years,Female,Mandya ,No,No,Not sure,"Yes, definitely",Climate change (changes in weather),No,Overuse of water resources,Yes,No,Very supportive,Yes,Yes
2025/03/03 5:48:01 PM GMT+5:30,31-45 years,Male,Mysuru,Yes,No,No,"No, definitely",Too much water used,Yes,Overuse of water resources,No,No,Very supportive,Yes,Yes
2025/03/03 5:48:37 PM GMT+5:30,31-45 years,Male,Mysuru,Yes,No,No,Not sure,Too much water used,Yes,Overuse of water resources,No,No,Neutral,Yes,Yes
2025/03/03 5:50:27 PM GMT+5:30,31-45 years,Male,Bangalore ,Yes,No,No,"Yes, definitely",Climate change (changes in weather),No,Lack of access to water,Not sure,No,Supportive,Yes,Yes
2025/03/03 5:52:18 PM GMT+5:30,31-45 years,Male,Bangalore ,Yes,Yes,Yes,"Yes, definitely",Climate change (changes in weather),Yes,Lack of access to water,Yes,Yes,Supportive,Yes,Yes
2025/03/03 5:52:52 PM GMT+5:30,31-45 years,Female,Malavalli ,No,Not sure,Not sure,"No, definitely",Too much water used,No,Lack of access to water,Not sure,No,Neutral,Yes,No
2025/03/03 5:53:26 PM GMT+5:30,19-30 years,Female,Hubballi ,Yes,No,No,"No, definitely",Not enough new technology,No,Lack of access to water,Not sure,Yes,Supportive,Yes,Yes
2025/03/03 5:54:03 PM GMT+5:30,31-45 years,Male,Maddur,Yes,Yes,Not sure,Not sure,Not enough new technology,No,Unpredictable weather,No,Yes,Very supportive,Yes,Yes
2025/03/03 5:56:00 PM GMT+5:30,31-45 years,Male,Maddur,Yes,No,No,"Yes, definitely",Not enough new technology,No,Unpredictable weather,Yes,Yes,Neutral,Yes,Yes
2025/03/03 5:56:30 PM GMT+5:30,31-45 years,Male,Bangalore ,Yes,No,Not sure,Not sure,Not enough new technology,Yes,Overuse of water resources,No,Yes,Very supportive,Yes,Yes
2025/03/03 5:57:02 PM GMT+5:30,31-45 years,Female,Mandya,No,No,No,"Yes, definitely",Not enough new technology,No,Lack of access to water,Yes,Yes,Supportive,Yes,Yes
2025/03/03 5:58:11 PM GMT+5:30,19-30 years,Male,Mysuru ,Yes,No,Yes,"No, definitely",Climate change (changes in weather),Yes,Lack of access to water,No,No,Supportive,Yes,Yes
2025/03/03 5:58:59 PM GMT+5:30,31-45 years,Female,Mandya,Yes,Yes,No,"Yes, definitely",Climate change (changes in weather),Yes,Lack of access to water,No,No,Supportive,Yes,No
2025/03/03 5:59:46 PM GMT+5:30,31-45 years,Female,Maddur,No,Yes,Yes,"Yes, definitely",Not enough new technology,No,Lack of access to water,No,No,Neutral,Yes,Yes
2025/03/03 6:01:04 PM GMT+5:30,31-45 years,Female,Malavalli ,No,Yes,Yes,"Yes, definitely",Not enough new technology,Yes,Unpredictable weather,No,No,Supportive,Yes,Yes
2025/03/03 6:03:09 PM GMT+5:30,31-45 years,Male,Mandya,Yes,Yes,No,"Yes, definitely",Climate change (changes in weather),No,Unpredictable weather,Yes,No,Supportive,Yes,Yes
2025/03/03 6:04:02 PM GMT+5:30,31-45 years,Male,Hubballi ,No,Yes,Yes,"No, definitely",Not enough new technology,Not sure,Overuse of water resources,No,Not sure,Supportive,Yes,Yes
2025/03/03 6:04:46 PM GMT+5:30,31-45 years,Male,Kanakapura ,Yes,Yes,No,"No, definitely",Not enough new technology,No,Unpredictable weather,Yes,No,Neutral,Yes,Yes
2025/03/03 6:05:32 PM GMT+5:30,31-45 years,Male,Kanakapura,No,Yes,No,"No, definitely",Not enough new technology,No,Lack of access to water,No,No,Neutral,No,Yes
2025/03/03 6:06:39 PM GMT+5:30,31-45 years,Male,Malavalli ,Yes,No,No,"Yes, definitely",Climate change (changes in weather),Yes,Lack of access to water,Yes,No,Very supportive,Yes,Yes
2025/03/03 6:07:44 PM GMT+5:30,31-45 years,Female,Ramanagara,Yes,No,No,"Yes, definitely",Climate change (changes in weather),Yes,Lack of access to water,No,Yes,Supportive,Yes,Yes
2025/03/03 6:08:41 PM GMT+5:30,31-45 years,Female,Channapatna ,Yes,No,Yes,"No, definitely",Climate change (changes in weather),No,Overuse of water resources,No,No,Supportive,Yes,Yes
2025/03/03 6:09:39 PM GMT+5:30,19-30 years,Female,Kanakapura ,Yes,Yes,Yes,"Yes, definitely",Climate change (changes in weather),Yes,Lack of access to water,No,Yes,Supportive,Yes,Yes
2025/03/03 6:13:17 PM GMT+5:30,19-30 years,Male,Mandya,No,Yes,Yes,"No, definitely",Not enough new technology,No,Overuse of water resources,Yes,Yes,Neutral,Yes,No
2025/03/03 6:14:25 PM GMT+5:30,46-60 years,Female,Kerala,Yes,No,Yes,"No, definitely",Not enough new technology,No,Lack of access to water,No,No,Supportive,Yes,No
2025/03/03 6:15:01 PM GMT+5:30,46-60 years,Male,Mysuru,Yes,No,No,"No, definitely",Not enough new technology,No,Lack of access to water,No,Yes,Neutral,Yes,No
2025/03/03 6:16:06 PM GMT+5:30,31-45 years,Male,Andhra pradesh ,Yes,Yes,Yes,"Yes, definitely",Too much water used,No,Lack of access to water,No,No,Neutral,Yes,No
2025/03/03 6:16:40 PM GMT+5:30,19-30 years,Male,Maddur,Yes,No,No,"No, definitely",Not enough new technology,No,Lack of access to water,No,No,Not sure,No,No
2025/03/03 6:17:09 PM GMT+5:30,46-60 years,Female,Mandya,Yes,No,No,Not sure,Climate change (changes in weather),No,Lack of access to water,No,No,Supportive,Yes,Yes
2025/03/03 6:17:48 PM GMT+5:30,46-60 years,Female,Bangalore ,Yes,No,Not sure,Not sure,Not enough new technology,No,Unpredictable weather,No,Yes,Supportive,Yes,Yes
2025/03/03 6:18:23 PM GMT+5:30,31-45 years,Female,Kankapura,No,Yes,No,"No, definitely",Not enough new technology,No,Lack of access to water,Not sure,No,Supportive,Yes,No
2025/03/03 6:18:57 PM GMT+5:30,46-60 years,Male,Malavalli ,No,No,Not sure,"No, definitely",Too much water used,Not sure,Overuse of water resources,No,Not sure,Neutral,Yes,Yes
2025/03/03 6:19:31 PM GMT+5:30,31-45 years,Female,Mysuru,No,Yes,Yes,"Yes, definitely",Climate change (changes in weather),Yes,Lack of access to water,No,No,Very supportive,Yes,Yes
2025/03/03 6:20:06 PM GMT+5:30,31-45 years,Female,Kollegala,Yes,No,No,"Yes, definitely",Climate change (changes in weather),Yes,Overuse of water resources,No,No,Supportive,Yes,No
2025/03/03 6:20:45 PM GMT+5:30,19-30 years,Female,Andhra Pradesh ,No,Yes,Yes,"No, definitely",Too much water used,No,Lack of access to water,No,No,Supportive,No,No
2025/03/03 6:21:31 PM GMT+5:30,31-45 years,Female,Bangalore ,Yes,No,Yes,"Yes, definitely",Not enough new technology,No,Lack of access to water,Yes,No,Supportive,No,Yes
2025/03/03 6:22:43 PM GMT+5:30,46-60 years,Female,Kerala,No,Yes,No,"No, definitely",Not enough new technology,No,Lack of access to water,No,No,Supportive,Yes,Yes
2025/03/03 6:23:11 PM GMT+5:30,46-60 years,Female,Tamilnadu ,No,No,No,"No, definitely",Climate change (changes in weather),Yes,Lack of access to water,No,No,Neutral,Yes,Yes
2025/03/03 6:31:15 PM GMT+5:30,31-45 years,Male,Tamilnadu ,Yes,No,No,"Yes, definitely",Climate change (changes in weather),Yes,Unpredictable weather,No,No,Very supportive,Yes,No
2025/03/03 6:31:59 PM GMT+5:30,31-45 years,Male,Mandya ,Yes,Yes,No,"No, definitely",Not enough new technology,No,Overuse of water resources,Yes,No,Neutral,Yes,Yes
2025/03/03 6:32:54 PM GMT+5:30,31-45 years,Male,Mandya ,No,Yes,Yes,"Yes, definitely",Too much water used,Not sure,High cost of irrigation systems,No,Yes,Supportive,No,Yes
2025/03/03 6:34:05 PM GMT+5:30,31-45 years,Male,Mysuru ,No,No,No,"No, definitely",Too much water used,Yes,Lack of access to water,Not sure,Not sure,Neutral,Yes,No
2025/03/03 6:34:32 PM GMT+5:30,31-45 years,Male,Srirangapata ,Yes,Yes,Yes,"No, definitely",Too much water used,Yes,Overuse of water resources,No,No,Not supportive,No,
2025/03/03 6:35:03 PM GMT+5:30,31-45 years,Male,Mandya ,No,Yes,Not sure,"No, definitely",Too much water used,Not sure,Lack of access to water,No,Not sure,Not supportive,Yes,No
2025/03/03 6:35:37 PM GMT+5:30,31-45 years,Male,Mysuru ,No,Not sure,No,"No, definitely",Too much water used,Not sure,Lack of access to water,No,Not sure,Not sure,Yes,No
2025/03/03 6:36:11 PM GMT+5:30,19-30 years,Male,Andhra Pradesh ,No,No,Not sure,Not sure,Too much water used,No,Unpredictable weather,No,No,Very supportive,Yes,No
2025/03/03 6:36:44 PM GMT+5:30,46-60 years,Male,Bangalore ,Not sure,No,No,"No, definitely",Climate change (changes in weather),Yes,Overuse of water resources,No,No,Supportive,Yes,No
2025/03/03 6:37:07 PM GMT+5:30,46-60 years,Female,Mysuru,No,No,Yes,"Yes, definitely",Too much water used,No,High cost of irrigation systems,Yes,No,Neutral,No,No
2025/03/03 6:37:36 PM GMT+5:30,46-60 years,Female,Kanakapura ,Yes,Yes,Yes,"Yes, definitely",Climate change (changes in weather),Yes,Lack of access to water,No,No,Not sure,Yes,Maybe
2025/03/03 6:43:25 PM GMT+5:30,19-30 years,Female,Bangalore ,Yes,No,Yes,"No, definitely",Not enough new technology,No,Overuse of water resources,Yes,Yes,Neutral,Yes,Yes
2025/03/03 6:43:53 PM GMT+5:30,19-30 years,Female,Mysuru,No,Yes,No,"No, definitely",Climate change (changes in weather),Yes,Lack of access to water,No,Yes,Very supportive,Yes,yes
2025/03/03 6:44:19 PM GMT+5:30,19-30 years,Male,Mysuru,No,No,No,"No, definitely",Not enough new technology,No,Lack of access to water,No,Yes,Supportive,Yes,Yes
2025/03/03 6:44:50 PM GMT+5:30,10-18 years,Male,Mandya ,No,No,No,"Yes, definitely",Not enough new technology,No,Lack of access to water,No,Yes,Very supportive,Yes,Yes
2025/03/03 6:49:07 PM GMT+5:30,19-30 years,Male,Mandya,Yes,No,Yes,"No, definitely",Climate change (changes in weather),Yes,Overuse of water resources,No,Yes,Neutral,Yes,No
2025/03/03 6:50:11 PM GMT+5:30,19-30 years,Male,Mysuru,Yes,No,Yes,"Yes, definitely",Not enough new technology,Not sure,Lack of access to water,Yes,No,Supportive,Yes,Yes
2025/03/03 6:50:40 PM GMT+5:30,31-45 years,Female,Andhra Pradesh ,No,Yes,No,"Yes, definitely",Climate change (changes in weather),Yes,Lack of access to water,Yes,No,Supportive,Yes,Yes
2025/03/03 6:53:52 PM GMT+5:30,19-30 years,Female,Mandya,No,Yes,Yes,"Yes, definitely",Climate change (changes in weather),No,Overuse of water resources,No,No,Supportive,Yes,Yes
2025/03/03 6:54:41 PM GMT+5:30,31-45 years,Female,Mysuru,No,Yes,No,"No, definitely",Not enough new technology,No,Lack of access to water,No,Yes,Very supportive,Yes,Yes
2025/03/03 7:00:47 PM GMT+5:30,31-45 years,Female,Mandya,Yes,Yes,No,"Yes, definitely",Not enough new technology,No,Overuse of water resources,No,No,Supportive,Yes,Yes
2025/03/03 7:01:17 PM GMT+5:30,31-45 years,Male,Maddur,Yes,Yes,No,"Yes, definitely",Too much water used,Yes,Lack of access to water,No,No,Supportive,Yes,Yes
2025/03/03 7:02:41 PM GMT+5:30,31-45 years,Male,Bangalore ,Yes,No,Yes,"Yes, definitely",Not enough new technology,No,Lack of access to water,No,Yes,Supportive,Yes,Yes
2025/03/03 7:03:31 PM GMT+5:30,31-45 years,Female,Maddur,No,No,Not sure,"No, definitely",Not enough new technology,No,Lack of access to water,No,No,Neutral,Yes,Yes
2025/03/03 7:04:08 PM GMT+5:30,31-45 years,Female,Mandya,Yes,Yes,Yes,"Yes, definitely",Climate change (changes in weather),No,Lack of access to water,No,No,Very supportive,Yes,Yes
2025/03/03 7:05:06 PM GMT+5:30,31-45 years,Male,Bangalore ,Yes,No,No,"No, definitely",Not enough new technology,No,Lack of access to water,No,No,Neutral,Yes,Yes
2025/03/03 7:05:44 PM GMT+5:30,31-45 years,Female,Mandya ,Yes,Yes,No,"Yes, definitely",Not enough new technology,No,Lack of access to water,No,Yes,Very supportive,Yes,No
2025/03/03 7:06:24 PM GMT+5:30,31-45 years,Female,Mysuru ,No,Yes,No,"Yes, definitely",Not enough new technology,Yes,Lack of access to water,No,Yes,Supportive,Yes,Yes
2025/03/03 7:07:52 PM GMT+5:30,31-45 years,Female,Mandya,No,Yes,Yes,"Yes, definitely",Too much water used,Yes,Overuse of water resources,Yes,Yes,Very supportive,Yes,Yes
2025/03/03 7:08:40 PM GMT+5:30,31-45 years,Male,Mandya,Yes,Yes,Yes,"Yes, definitely",Climate change (changes in weather),No,Overuse of water resources,Yes,No,Very supportive,Yes,Yes
2025/03/03 7:09:32 PM GMT+5:30,31-45 years,Female,Mysuru,No,No,No,"No, definitely",Not enough new technology,No,Lack of access to water,No,Not sure,Neutral,Yes,Yes
2025/03/03 7:10:14 PM GMT+5:30,31-45 years,Male,Bangalore ,Yes,No,Yes,"No, definitely",Not enough new technology,Yes,Lack of access to water,No,No,Supportive,Yes,Yes
2025/03/03 7:10:57 PM GMT+5:30,31-45 years,Male,Bangalore ,No,Yes,No,"No, definitely",Not enough new technology,No,Lack of access to water,No,No,Very supportive,Yes,Yes
2025/03/03 7:11:43 PM GMT+5:30,31-45 years,Female,Mandya,No,Yes,Yes,"Yes, definitely",Climate change (changes in weather),No,Lack of access to water,Yes,No,Neutral,Yes,No
2025/03/03 7:12:24 PM GMT+5:30,31-45 years,Male,Mandya,Yes,Yes,Yes,"No, definitely",Not enough new technology,No,Overuse of water resources,No,No,Very supportive,Yes,Yes
2025/03/03 7:13:18 PM GMT+5:30,31-45 years,Male,Mysuru,Yes,No,Yes,"Yes, definitely",Climate change (changes in weather),No,Lack of access to water,No,Yes,Very supportive,Yes,Yes
2025/03/03 7:13:54 PM GMT+5:30,31-45 years,Female,Bangalore ,No,Yes,No,"No, definitely",Not enough new technology,No,Lack of access to water,No,No,Supportive,Yes,Yes
2025/03/03 7:14:48 PM GMT+5:30,31-45 years,Female,Bangalore ,Yes,No,No,"Yes, definitely",Too much water used,Yes,Lack of access to water,Yes,Yes,Supportive,Yes,Yes
2025/03/03 7:15:44 PM GMT+5:30,31-45 years,Female,Mysuru,Yes,Yes,Yes,"No, definitely",Not enough new technology,Yes,Overuse of water resources,No,No,Neutral,Yes,Yes
2025/03/03 7:16:20 PM GMT+5:30,31-45 years,Female,Mandya ,Yes,No,No,"Yes, definitely",Climate change (changes in weather),Yes,Lack of access to water,Yes,No,Supportive,Yes,Yes
2025/03/03 7:17:20 PM GMT+5:30,31-45 years,Female,Mysuru,No,Yes,Yes,"Yes, definitely",Climate change (changes in weather),Yes,Lack of access to water,No,No,Supportive,Yes,Yes
2025/03/03 7:18:07 PM GMT+5:30,31-45 years,Female,Mandya ,Yes,Yes,No,"Yes, definitely",Not enough new technology,Yes,Lack of access to water,No,No,Neutral,Yes,No
2025/03/03 7:18:34 PM GMT+5:30,19-30 years,Female,Mysuru,No,Yes,No,"Yes, definitely",Too much water used,No,Overuse of water resources,No,No,Supportive,Yes,Yes
2025/03/03 7:19:06 PM GMT+5:30,46-60 years,Female,Bangalore ,Yes,No,No,"No, definitely",Not enough new technology,No,Lack of access to water,No,No,Supportive,Yes,No
2025/03/03 7:19:40 PM GMT+5:30,31-45 years,Female,Malavalli ,No,Yes,Yes,"Yes, definitely",Not enough new technology,No,Overuse of water resources,No,Yes,Supportive,Yes,Yes
2025/03/03 7:20:05 PM GMT+5:30,46-60 years,Female,Mandya,No,No,Yes,"Yes, definitely",Not enough new technology,No,Lack of access to water,No,No,Supportive,Yes,Yes
2025/03/03 7:20:31 PM GMT+5:30,31-45 years,Female,Mandya,No,No,No,"No, definitely",Not enough new technology,No,Lack of access to water,No,No,Neutral,Yes,Yes
2025/03/03 7:21:12 PM GMT+5:30,19-30 years,Female,Maddur,Yes,No,Yes,"Yes, definitely",Climate change (changes in weather),Yes,Overuse of water resources,No,No,Very supportive,Yes,Yes
2025/03/03 7:21:51 PM GMT+5:30,19-30 years,Female,Malavalli ,No,Yes,No,"No, definitely",Not enough new technology,Yes,Unpredictable weather,No,No,Very supportive,Yes,Yes
2025/03/03 7:22:29 PM GMT+5:30,31-45 years,Female,Mandya,Yes,Yes,No,"No, definitely",Not enough new technology,Yes,Unpredictable weather,No,No,Neutral,Yes,Yes
2025/03/03 7:23:18 PM GMT+5:30,46-60 years,Female,Mandya ,Yes,Not sure,Yes,"Yes, definitely",Not enough new technology,Yes,Lack of access to water,No,No,Supportive,Yes,Yes
2025/03/03 7:23:51 PM GMT+5:30,31-45 years,Female,Malavalli ,No,Yes,No,"Yes, definitely",Not enough new technology,No,Unpredictable weather,Yes,Yes,Supportive,Yes,Yes
2025/03/03 7:24:22 PM GMT+5:30,31-45 years,Female,Mysuru,Yes,Yes,No,"No, definitely",Not enough new technology,No,Lack of access to water,No,No,Neutral,Yes,No
2025/03/03 7:25:15 PM GMT+5:30,19-30 years,Female,Bangalore ,No,Yes,No,"No, definitely",Not enough new technology,No,Lack of access to water,No,Yes,Supportive,Yes,Yes
2025/03/03 7:25:52 PM GMT+5:30,19-30 years,Female,Maddur,Yes,Yes,Yes,"No, definitely",Climate change (changes in weather),Yes,Unpredictable weather,Yes,Yes,Very supportive,Yes,Yes
2025/03/03 7:26:37 PM GMT+5:30,31-45 years,Female,Mysuru,Yes,Yes,Yes,"No, definitely",Climate change (changes in weather),Yes,Unpredictable weather,Yes,Yes,Neutral,Yes,Yes
2025/03/03 7:27:17 PM GMT+5:30,31-45 years,Female,Mandya,Yes,Yes,Yes,"No, definitely",Climate change (changes in weather),Yes,Unpredictable weather,Yes,Yes,Very supportive,Yes,Yes
2025/03/03 7:27:57 PM GMT+5:30,31-45 years,Female,Mandya,Yes,Yes,Yes,"Yes, definitely",Not enough new technology,Yes,Unpredictable weather,Yes,Yes,Supportive,Yes,Yes
2025/03/03 7:28:41 PM GMT+5:30,19-30 years,Male,Malavalli ,Yes,Yes,Yes,"Yes, definitely",Not enough new technology,No,Lack of access to water,Yes,No,Supportive,Yes,Yes
2025/03/03 7:29:25 PM GMT+5:30,31-45 years,Female,Bangalore ,Yes,No,Yes,"Yes, definitely",Not enough new technology,Yes,Unpredictable weather,Yes,No,Supportive,Yes,No
2025/03/03 7:30:05 PM GMT+5:30,31-45 years,Female,Bangalore ,Yes,Yes,Yes,"No, definitely",Not enough new technology,No,Unpredictable weather,No,No,Neutral,Yes,Yes
2025/03/03 7:30:47 PM GMT+5:30,31-45 years,Female,Mysuru,No,Yes,No,"No, definitely",Not enough new technology,No,Lack of access to water,No,No,Supportive,Yes,Yes
2025/03/03 7:31:29 PM GMT+5:30,31-45 years,Female,Mandya,Yes,Yes,Yes,"Yes, definitely",Not enough new technology,No,Overuse of water resources,No,No,Supportive,Yes,Yes
2025/03/03 7:34:14 PM GMT+5:30,19-30 years,Female,Mandya,Yes,Yes,Yes,"Yes, definitely",Climate change (changes in weather),Yes,Unpredictable weather,Yes,Yes,Supportive,Yes,Yes
2025/03/03 7:34:46 PM GMT+5:30,31-45 years,Female,Malavalli ,Yes,Yes,Yes,"Yes, definitely",Climate change (changes in weather),Yes,Lack of access to water,Yes,Yes,Supportive,Yes,Yes
2025/03/03 7:35:31 PM GMT+5:30,31-45 years,Female,Mandya,No,Yes,Yes,"Yes, definitely",Climate change (changes in weather),Yes,Overuse of water resources,Yes,Yes,Very supportive,Yes,Yes
2025/03/03 7:36:01 PM GMT+5:30,31-45 years,Female,Malavalli ,Yes,Yes,Yes,"No, definitely",Climate change (changes in weather),Yes,Lack of access to water,No,No,Neutral,Yes,Yes
2025/03/03 7:36:33 PM GMT+5:30,31-45 years,Female,Malavalli ,Yes,Yes,Yes,"Yes, definitely",Climate change (changes in weather),Yes,Lack of access to water,No,Yes,Very supportive,Yes,Yes
2025/03/03 7:37:20 PM GMT+5:30,46-60 years,Female,Maddur,Yes,Yes,Yes,"Yes, definitely",Not enough new technology,Yes,Lack of access to water,Yes,Yes,Very supportive,Yes,Yes
2025/03/03 7:38:13 PM GMT+5:30,19-30 years,Female,Bangalore ,Yes,Yes,Yes,"No, definitely",Not enough new technology,No,Lack of access to water,No,No,Supportive,Yes,Yes
2025/03/03 7:39:01 PM GMT+5:30,19-30 years,Male,Mysuru,Yes,Yes,Yes,"Yes, definitely",Not enough new technology,Yes,Lack of access to water,Yes,No,Neutral,Yes,Yes
2025/03/03 7:40:10 PM GMT+5:30,31-45 years,Female,Chitradurga ,Yes,Yes,Yes,"Yes, definitely",Too much water used,No,Unpredictable weather,Yes,Yes,Neutral,Yes,Yes
2025/03/03 7:40:50 PM GMT+5:30,31-45 years,Female,Kankapura ,Yes,Yes,Yes,"Yes, definitely",Climate change (changes in weather),No,High cost of irrigation systems,No,No,Neutral,Yes,Maybe
2025/03/03 7:41:31 PM GMT+5:30,31-45 years,Female,Malavalli ,Yes,Yes,Yes,"Yes, definitely",Not enough new technology,Yes,Unpredictable weather,No,Yes,Very supportive,Yes,Yes
2025/03/03 7:42:09 PM GMT+5:30,31-45 years,Female,Bangalore ,Yes,Yes,Yes,"No, definitely",Not enough new technology,No,Unpredictable weather,Yes,No,Neutral,Yes,Yes
2025/03/03 7:42:56 PM GMT+5:30,31-45 years,Female,Tamilnadu ,No,Yes,Yes,"Yes, definitely",Not enough new technology,No,Lack of access to water,Yes,No,Neutral,Yes,Yes
2025/03/03 7:43:33 PM GMT+5:30,46-60 years,Female,Malavalli ,Yes,Yes,No,"Yes, definitely",Not enough new technology,No,Unpredictable weather,Yes,Yes,Neutral,Yes,Yes
2025/03/03 7:44:17 PM GMT+5:30,31-45 years,Male,Tumkur,No,Yes,No,"Yes, definitely",,No,Lack of access to water,No,No,Neutral,Yes,Yes
2025/03/04 8:37:17 AM GMT+5:30,19-30 years,Female,Bangalore ,Yes,Not sure,Yes,"Yes, definitely",Climate change (changes in weather),Yes,Lack of access to water,Yes,Yes,Neutral,Yes,Yes
2025/03/04 8:43:24 AM GMT+5:30,10-18 years,Male,Bangalore ,Yes,No,Yes,"Yes, definitely",Climate change (changes in weather),Not sure,Unpredictable weather,Yes,Yes,Very supportive,Yes,Maybe
2025/03/04 10:49:19 AM GMT+5:30,10-18 years,Female,Bengaluru ,No,No,Yes,"Yes, definitely",Climate change (changes in weather),Yes,High cost of irrigation systems,Yes,Yes,Very supportive,Yes,Yes
2025/03/04 5:35:33 PM GMT+5:30,10-18 years,Female,Bangalore ,Yes,Not sure,Yes,"Yes, definitely",Not enough new technology,No,Unpredictable weather,Yes,Yes,Supportive,Yes,Yes
2025/03/04 9:31:34 PM GMT+5:30,19-30 years,Female,Banglore,No,Yes,No,"Yes, definitely",Climate change (changes in weather),No,Unpredictable weather,Yes,No,Supportive,Yes,No
2025/03/04 10:43:14 PM GMT+5:30,19-30 years,Male,Mysore,No,No,Yes,"Yes, definitely",Climate change (changes in weather),No,Lack of access to water,Yes,No,Supportive,Yes,Yes
2025/03/04 10:44:18 PM GMT+5:30,31-45 years,Female,Tumkur,Yes,No,Yes,"No, definitely",Climate change (changes in weather),Yes,Unpredictable weather,Yes,No,Very supportive,Yes,No
2025/03/04 10:45:49 PM GMT+5:30,31-45 years,Male,Banglore,No,No,Yes,"No, definitely",Climate change (changes in weather),Yes,Lack of access to water,Yes,No,Supportive,Yes,No
2025/03/04 10:47:07 PM GMT+5:30,10-18 years,Male,Maddhur,No,No,Yes,"Yes, definitely",Climate change (changes in weather),Yes,Overuse of water resources,Yes,No,Supportive,Yes,No
2025/03/04 10:49:00 PM GMT+5:30,46-60 years,Male,Malavalli,No,No,Yes,"Yes, definitely",Not enough new technology,Yes,Overuse of water resources,Yes,No,Neutral,Yes,No
2025/03/04 10:50:00 PM GMT+5:30,31-45 years,Female,Malavalli,No,No,Yes,"Yes, definitely",Not enough new technology,No,Lack of access to water,Yes,No,Supportive,Yes,No
2025/03/04 10:50:50 PM GMT+5:30,31-45 years,Male,Maddhur,No,No,Yes,"Yes, definitely",Not enough new technology,No,Lack of access to water,Yes,No,Very supportive,Yes,No
2025/03/04 10:52:02 PM GMT+5:30,31-45 years,Female,Mandya,No,No,Yes,"Yes, definitely",Too much water used,Yes,Lack of access to water,Yes,No,Supportive,Yes,No
2025/03/04 10:52:36 PM GMT+5:30,31-45 years,Female,Mysore ,Yes,No,Yes,"Yes, definitely",Not enough new technology,No,Lack of access to water,Yes,No,Supportive,Yes,No
2025/03/04 10:53:27 PM GMT+5:30,31-45 years,Male,Banglore,No,No,Yes,"Yes, definitely",Not enough new technology,No,Lack of access to water,Yes,No,Supportive,Yes,No
2025/03/04 10:54:07 PM GMT+5:30,19-30 years,Male,Mysore,No,No,Yes,"Yes, definitely",Climate change (changes in weather),No,Lack of access to water,Yes,Yes,Supportive,Yes,No
2025/03/04 10:54:44 PM GMT+5:30,19-30 years,Female,Malavalli,No,No,Yes,"Yes, definitely",Climate change (changes in weather),No,Lack of access to water,Yes,No,Supportive,Yes,No
2025/03/05 2:23:45 AM GMT+5:30,10-18 years,Male,andhra pradesh,Yes,No,Not sure,"Yes, definitely",Too much water used,Not sure,Unpredictable weather,No,Yes,Supportive,No,Yes
2025/03/05 2:27:17 AM GMT+5:30,10-18 years,Male,andhra pradesh,Yes,No,Not sure,"Yes, definitely",Not enough new technology,No,Unpredictable weather,Yes,Not sure,Supportive,Yes,Yes
2025/03/05 7:45:56 AM GMT+5:30,31-45 years,Male,Banglore,No,No,Yes,"Yes, definitely",Not enough new technology,No,Overuse of water resources,Yes,No,Supportive,Yes,No
2025/03/05 7:47:18 AM GMT+5:30,19-30 years,Female,Mysore,No,No,Yes,"Yes, definitely",Not enough new technology,No,Lack of access to water,Yes,No,Supportive,Yes,No
2025/03/07 8:23:27 PM GMT+5:30,31-45 years,Female,Malavalli ,Yes,No,No,"No, definitely",Not enough new technology,No,Lack of access to water,No,No,Neutral,Yes,No
2025/03/07 8:23:54 PM GMT+5:30,31-45 years,Male,Maddur ,No,Yes,No,"Yes, definitely",Too much water used,No,Lack of access to water,No,No,Supportive,Yes,Yes
2025/03/07 8:24:22 PM GMT+5:30,19-30 years,Male,Mandya ,Yes,No,Yes,"No, definitely",Not enough new technology,No,Lack of access to water,No,No,Neutral,Yes,No
2025/03/07 8:25:15 PM GMT+5:30,31-45 years,Female,Mysuru,Yes,Yes,No,Not sure,Not enough new technology,Yes,Lack of access to water,No,Not sure,Neutral,No,Yes
2025/03/07 8:25:56 PM GMT+5:30,46-60 years,Female,Bangalore ,No,No,Yes,"Yes, definitely",Not enough new technology,No,Lack of access to water,No,No,Neutral,No,No
2025/03/07 8:26:23 PM GMT+5:30,19-30 years,Female,Maddur,No,No,Yes,"Yes, definitely",Climate change (changes in weather),Yes,Lack of access to water,No,No,Neutral,Yes,Yes
2025/03/07 8:27:05 PM GMT+5:30,19-30 years,Female,Mandya ,Yes,No,No,"No, definitely",Not enough new technology,Yes,Overuse of water resources,No,No,Supportive,No,Yes
2025/03/07 8:27:43 PM GMT+5:30,19-30 years,Female,Malavalli ,Yes,No,No,"No, definitely",Not enough new technology,Yes,Overuse of water resources,Yes,No,Neutral,Yes,Yes
2025/03/07 8:28:31 PM GMT+5:30,19-30 years,Female,Mysuru,Yes,No,No,"No, definitely",Not enough new technology,No,Unpredictable weather,Yes,No,Supportive,Yes,Yes
2025/03/07 8:30:00 PM GMT+5:30,19-30 years,Male,Malavalli ,Yes,No,No,"No, definitely",Not enough new technology,No,Overuse of water resources,Yes,No,Supportive,Yes,No
2025/03/07 8:31:04 PM GMT+5:30,31-45 years,Male,Bangalore ,Yes,No,No,"No, definitely",Not enough new technology,No,Overuse of water resources,No,Not sure,Neutral,Yes,Yes
2025/03/07 8:31:51 PM GMT+5:30,31-45 years,Female,Mandya,Yes,No,No,"No, definitely",Climate change (changes in weather),No,Overuse of water resources,Yes,No,Neutral,Yes,Yes
2025/03/07 8:32:05 PM GMT+5:30,19-30 years,Female,Mandya,Yes,Yes,Yes,"Yes, definitely",Climate change (changes in weather),Yes,Unpredictable weather,,Yes,Very supportive,Yes,Yes
2025/03/07 8:32:33 PM GMT+5:30,19-30 years,Female,Malavalli ,Yes,No,No,"No, definitely",Too much water used,No,Overuse of water resources,No,No,Neutral,Yes,No
2025/03/07 8:33:10 PM GMT+5:30,46-60 years,Female,Malavalli ,No,Yes,No,"No, definitely",Too much water used,Yes,Lack of access to water,No,No,Neutral,No,Yes
2025/03/07 8:33:34 PM GMT+5:30,31-45 years,Female,Bangalore ,No,Yes,No,"No, definitely",Not enough new technology,Yes,Lack of access to water,Yes,No,Supportive,Yes,Yes
2025/03/07 8:34:00 PM GMT+5:30,19-30 years,Female,Maddur,Yes,Yes,No,"No, definitely",Too much water used,No,High cost of irrigation systems,No,No,Supportive,Yes,Yes
2025/03/07 8:34:25 PM GMT+5:30,46-60 years,Male,Mysore,Yes,No,No,"Yes, definitely",Climate change (changes in weather),Yes,Lack of access to water,Yes,Yes,Supportive,Yes,Yes
2025/03/07 8:34:29 PM GMT+5:30,31-45 years,Male,Mysuru,Yes,No,No,"No, definitely",Not enough new technology,No,Lack of access to water,No,No,Neutral,Yes,No
2025/03/07 8:34:54 PM GMT+5:30,31-45 years,Male,Kanakapura ,Yes,No,No,"No, definitely",Not enough new technology,No,Lack of access to water,No,No,Neutral,Yes,Yes
2025/03/07 8:35:44 PM GMT+5:30,31-45 years,Female,Bangalore ,No,Yes,No,"Yes, definitely",Too much water used,No,Lack of access to water,No,No,Neutral,No,No
2025/03/07 8:36:09 PM GMT+5:30,10-18 years,Male,Kanakaura,No,Yes,Yes,"Yes, definitely",Climate change (changes in weather),Yes,Unpredictable weather,No,No,Neutral,Yes,Yes
2025/03/07 8:36:15 PM GMT+5:30,31-45 years,Female,Channapatna ,No,Yes,No,Not sure,Not enough new technology,No,Overuse of water resources,No,No,Neutral,Yes,No
2025/03/07 8:37:34 PM GMT+5:30,31-45 years,Female,Malavalli ,No,No,Not sure,"No, definitely",Not enough new technology,No,Lack of access to water,No,Not sure,Supportive,Yes,Yes
2025/03/07 8:38:04 PM GMT+5:30,31-45 years,Male,Malavalli,No,No,Yes,"No, definitely",Not enough new technology,Yes,Lack of access to water,Yes,Yes,Very supportive,Yes,Yes
2025/03/07 8:38:55 PM GMT+5:30,19-30 years,Female,Maddur,No,No,Yes,"Yes, definitely",Too much water used,No,Overuse of water resources,No,Not sure,Neutral,Yes,Yes
2025/03/07 8:39:44 PM GMT+5:30,46-60 years,Male,Kanakapura ,Yes,No,Not sure,"No, definitely",Too much water used,No,Overuse of water resources,No,No,Neutral,Yes,Yes
2025/03/07 8:42:59 PM GMT+5:30,10-18 years,Female,Mandya,Yes,Yes,Yes,"Yes, definitely",Too much water used,Yes,Overuse of water resources,Yes,Yes,Supportive,Yes,Yes
2025/03/07 8:43:02 PM GMT+5:30,46-60 years,Male,Maddur,Yes,No,No,"No, definitely",Not enough new technology,Yes,Lack of access to water,Yes,Yes,Very supportive,Yes,Yes
2025/03/07 8:43:27 PM GMT+5:30,46-60 years,Male,Bangalore ,Yes,No,No,"No, definitely",Too much water used,No,High cost of irrigation systems,No,No,Not supportive,No,No
2025/03/07 8:44:39 PM GMT+5:30,19-30 years,Male,Mysore,No,No,No,"No, definitely",Not enough new technology,No,Lack of access to water,No,Yes,Supportive,Yes,No
2025/03/07 8:44:42 PM GMT+5:30,46-60 years,Male,Mysuru ,Yes,No,No,"Yes, definitely",Climate change (changes in weather),No,Overuse of water resources,No,No,Neutral,Yes,Yes
2025/03/07 8:45:16 PM GMT+5:30,46-60 years,Male,Bangalore ,Yes,No,Yes,"Yes, definitely",Too much water used,No,High cost of irrigation systems,Not sure,Yes,Very supportive,Yes,Yes
2025/03/07 8:45:43 PM GMT+5:30,46-60 years,Female,Malavalli,No,Yes,Yes,"Yes, definitely",Not enough new technology,Yes,High cost of irrigation systems,Yes,Yes,Supportive,Yes,Yes
2025/03/07 8:45:56 PM GMT+5:30,46-60 years,Female,Ramanagara,Yes,Yes,No,"Yes, definitely",Climate change (changes in weather),No,Lack of access to water,No,No,Very supportive,Yes,Yes
2025/03/07 8:46:20 PM GMT+5:30,46-60 years,Male,Mysuru,Yes,No,Yes,Not sure,Not enough new technology,No,Overuse of water resources,No,No,Not supportive,Yes,Maybe
2025/03/07 8:46:44 PM GMT+5:30,31-45 years,Female,"K,m,Doodl",Yes,Yes,Yes,"Yes, definitely",Climate change (changes in weather),Yes,Unpredictable weather,Yes,Yes,Very supportive,Yes,Yes
2025/03/07 8:46:47 PM GMT+5:30,46-60 years,Female,Mysuru ,No,Yes,No,Not sure,Too much water used,Not sure,Overuse of water resources,No,No,Very supportive,Yes,Maybe
2025/03/07 8:47:24 PM GMT+5:30,46-60 years,Female,Kanakapura ,Yes,No,Yes,"No, definitely",Too much water used,No,Overuse of water resources,No,Not sure,Not sure,No,No
2025/03/07 8:47:39 PM GMT+5:30,46-60 years,Female,Mandya,Yes,No,Yes,"No, definitely",Not enough new technology,No,High cost of irrigation systems,Yes,Yes,Neutral,Yes,Yes
2025/03/07 8:48:34 PM GMT+5:30,10-18 years,Male,Kanakapura,Yes,Yes,Yes,"Yes, definitely",Climate change (changes in weather),Yes,Unpredictable weather,Yes,Yes,Very supportive,Yes,Yes
2025/03/07 8:48:48 PM GMT+5:30,46-60 years,Male,Maddur,Yes,Yes,No,"Yes, definitely",Too much water used,No,Overuse of water resources,No,Not sure,Very supportive,Yes,Yes
2025/03/07 8:49:26 PM GMT+5:30,31-45 years,Male,Mysuru ,Yes,No,Yes,"No, definitely",Not enough new technology,Yes,Unpredictable weather,No,No,Very supportive,Yes,No
2025/03/07 8:49:55 PM GMT+5:30,31-45 years,Female,Srirangapata ,No,No,No,"No, definitely",Climate change (changes in weather),Yes,Lack of access to water,No,No,Very supportive,No,No
2025/03/07 8:49:56 PM GMT+5:30,19-30 years,Female,Banglore,No,No,No,"No, definitely",Not enough new technology,No,Lack of access to water,No,Yes,Supportive,No,No
2025/03/07 8:50:33 PM GMT+5:30,31-45 years,Female,Mandya,Yes,No,Yes,Not sure,Too much water used,Yes,Unpredictable weather,No,,Very supportive,Yes,Yes
2025/03/07 8:50:54 PM GMT+5:30,46-60 years,Male,Ramanagara,Yes,Yes,Yes,"No, definitely",Climate change (changes in weather),No,Unpredictable weather,Yes,No,Supportive,Yes,Yes
2025/03/07 8:51:01 PM GMT+5:30,31-45 years,Female,Tumkur,No,Yes,Yes,Not sure,Too much water used,No,Overuse of water resources,No,Not sure,Not supportive,Yes,No
2025/03/07 8:51:33 PM GMT+5:30,31-45 years,Female,Andhra Pradesh ,No,No,No,"Yes, definitely",Not enough new technology,Yes,Unpredictable weather,Yes,Yes,Neutral,No,Maybe
2025/03/07 8:51:55 PM GMT+5:30,10-18 years,Female,Bidathe,Yes,Yes,Yes,"Yes, definitely",Climate change (changes in weather),Yes,Unpredictable weather,Yes,Yes,Neutral,Yes,Yes
2025/03/07 8:52:00 PM GMT+5:30,31-45 years,Female,Tamilnadu ,No,Yes,Yes,"No, definitely",Not enough new technology,Yes,Unpredictable weather,No,No,Neutral,No,No
2025/03/07 8:53:04 PM GMT+5:30,31-45 years,Female,Chikkamangaluru,Yes,No,No,"No, definitely",Not enough new technology,No,Overuse of water resources,No,No,Neutral,No,Yes
2025/03/07 8:53:07 PM GMT+5:30,46-60 years,Male,"K,m,Doodi",No,No,No,"No, definitely",Too much water used,Yes,Lack of access to water,No,No,Supportive,No,No
2025/03/07 8:54:31 PM GMT+5:30,19-30 years,Male, Ramanagara,Yes,Yes,Yes,"Yes, definitely",Climate change (changes in weather),Yes,Overuse of water resources,Not sure,Yes,Supportive,Yes,Yes
2025/03/07 9:57:29 PM GMT+5:30,10-18 years,Male,  Mandya,Yes,No,Yes,"Yes, definitely",Not enough new technology,Yes,Unpredictable weather,Yes,Yes,Very supportive,Yes,Yes
2025/03/07 10:22:58 PM GMT+5:30,46-60 years,Male,Mandya,Yes,Yes,Yes,"Yes, definitely",Climate change (changes in weather),Yes,Unpredictable weather,Yes,Yes,Very supportive,Yes,Yes
2025/03/07 10:24:58 PM GMT+5:30,19-30 years,Female, Doddi ,Yes,No,Yes,"No, definitely",Climate change (changes in weather),No,Unpredictable weather,No,Yes,Supportive,Yes,No
2025/03/07 10:26:01 PM GMT+5:30,31-45 years,Female,Puram,Yes,No,Yes,"Yes, definitely",Climate change (changes in weather),No,Lack of access to water,No,Yes,Neutral,Yes,Yes
2025/03/07 10:27:11 PM GMT+5:30,46-60 years,Male,Shivapura ,Yes,No,Yes,"Yes, definitely",Not enough new technology,Yes,Lack of access to water,Yes,Yes,Very supportive,Yes,Yes
2025/03/07 10:28:46 PM GMT+5:30,19-30 years,Female,Kanakpura ,Yes,No,No,"No, definitely",Too much water used,No,High cost of irrigation systems,Yes,Yes,Supportive,Yes,Yes
2025/03/07 10:29:54 PM GMT+5:30,46-60 years,Female,Kengeri ,Yes,No,No,"Yes, definitely",Not enough new technology,Yes,Overuse of water resources,Yes,Yes,Very supportive,Yes,No
2025/03/07 10:33:18 PM GMT+5:30,10-18 years,Male,Mysore,Yes,Yes,No,"No, definitely",Too much water used,No,Overuse of water resources,No,No,Neutral,Yes,No
2025/03/07 10:34:45 PM GMT+5:30,31-45 years,Female,Kabinahali,No,Yes,Yes,"Yes, definitely",Climate change (changes in weather),Yes,Overuse of water resources,Yes,Yes,Very supportive,No,No
2025/03/07 10:36:16 PM GMT+5:30,19-30 years,Female,Kanakpura,Not sure,Yes,Yes,"No, definitely",Climate change (changes in weather),No,Lack of access to water,Yes,Yes,Supportive,Yes,Maybe
2025/03/07 10:37:35 PM GMT+5:30,46-60 years,Female,Malabali ,Yes,Yes,Yes,"Yes, definitely",Climate change (changes in weather),Yes,Unpredictable weather,Yes,Yes,Very supportive,Yes,Yes
2025/03/07 10:38:39 PM GMT+5:30,31-45 years,Male,Halaguru ,No,No,No,"No, definitely",Not enough new technology,No,Lack of access to water,No,No,Neutral,No,No
2025/03/07 10:39:41 PM GMT+5:30,19-30 years,Male,Sathanuru ,Yes,Yes,Yes,"Yes, definitely",Climate change (changes in weather),Yes,Overuse of water resources,Yes,Yes,Neutral,Yes,Yes
2025/03/07 10:41:02 PM GMT+5:30,19-30 years,Male,"????????,Yes""",No,Yes,"No, definitely",Not enough new technology,No,Lack of access to water,Yes,Yes,Supportive,No,Yes,
2025/03/07 10:42:32 PM GMT+5:30,10-18 years,Female,Ramanagara ,No,No,Yes,"Yes, definitely",Too much water used,No,Lack of access to water,No,No,Supportive,No,No
2025/03/07 10:44:05 PM GMT+5:30,31-45 years,Female,"?????? ?????,Yes""",Yes,Yes,"Yes, definitely",Climate change (changes in weather),Yes,Unpredictable weather,Yes,Yes,Very supportive,Yes,Maybe,
2025/03/07 10:45:05 PM GMT+5:30,10-18 years,Male,Pura,Yes,Yes,No,"No, definitely",Too much water used,No,Overuse of water resources,Yes,No,Supportive,Yes,No
2025/03/07 10:46:02 PM GMT+5:30,10-18 years,Female,Mysore,No,Yes,No,"Yes, definitely",Too much water used,No,Lack of access to water,Yes,Not sure,Not supportive,Yes,Yes
2025/03/07 10:47:33 PM GMT+5:30,31-45 years,Female,Mandya,No,Yes,No,"No, definitely",Too much water used,No,Lack of access to water,No,Yes,supportive,No,Yes
2025/03/07 10:48:27 PM GMT+5:30,46-60 years,Male,Malavali,No,No,Yes,"No, definitely",Not enough new technology,No,Overuse of water resources,No,No,Neutral,Yes,No
2025/03/07 10:49:19 PM GMT+5:30,31-45 years,Male,Harvali ,Yes,Yes,Yes,"Yes, definitely",Climate change (changes in weather),Yes,Unpredictable weather,Yes,Yes,Very supportive,Yes,Yes
2025/03/07 10:50:14 PM GMT+5:30,31-45 years,Female,Kengeri,No,No,Yes,Not sure,Too much water used,Yes,Unpredictable weather,No,No,Not sure,No,No
2025/03/07 10:52:42 PM GMT+5:30,19-30 years,Female,"????????,No""",Yes,No,Not sure,Not enough new technology,Yes,Overuse of water resources,No,No,Neutral,Yes,No,yes
2025/03/07 10:53:57 PM GMT+5:30,10-18 years,Male,Harvali,Yes,No,Yes,Not sure,Climate change (changes in weather),Not sure,Lack of access to water,No,No,Supportive,No,Yes
2025/03/07 10:55:24 PM GMT+5:30,46-60 years,Female,Mysore,No,Yes,Yes,"Yes, definitely",Climate change (changes in weather),No,Lack of access to water,No,Not sure,Neutral,Yes,Yes
2025/03/07 10:56:13 PM GMT+5:30,19-30 years,Female,Mandya,No,No,Yes,"Yes, definitely",Climate change (changes in weather),Yes,Lack of access to water,No,No,Neutral,No,Maybe
2025/03/07 10:56:57 PM GMT+5:30,31-45 years,Male,Mysore,Yes,No,Yes,Not sure,Too much water used,No,Unpredictable weather,No,No,Supportive,No,No
2025/03/07 10:57:47 PM GMT+5:30,31-45 years,Male,Pura,Yes,Yes,Yes,"No, definitely",Climate change (changes in weather),No,High cost of irrigation systems,No,Not sure,Supportive,No,Maybe
2025/03/07 10:58:43 PM GMT+5:30,31-45 years,Male,Kanakapura ,Yes,No,Yes,"No, definitely",Too much water used,Yes,Unpredictable weather,Yes,No,Neutral,No,No
2025/03/07 10:59:44 PM GMT+5:30,46-60 years,Male,Banhlore,No,Yes,Yes,"No, definitely",Climate change (changes in weather),No,High cost of irrigation systems,No,Yes,Supportive,Yes,No
2025/03/07 11:00:38 PM GMT+5:30,19-30 years,Male,Doodi,No,Yes,Yes,"Yes, definitely",Climate change (changes in weather),No,Unpredictable weather,No,No,Supportive,No,No
2025/03/07 11:01:40 PM GMT+5:30,31-45 years,Female,Kabinahali,No,Yes,No,"No, definitely",Too much water used,Yes,Overuse of water resources,No,Yes,Very supportive,No,No
2025/03/07 11:02:34 PM GMT+5:30,46-60 years,Female,Husuru ,No,Yes,Yes,"No, definitely",Climate change (changes in weather),No,Overuse of water resources,No,No,Neutral,Yes,No
2025/03/07 11:04:20 PM GMT+5:30,10-18 years,Male,Sunagahali ,Yes,Yes,No,"Yes, definitely",Too much water used,Not sure,Unpredictable weather,No,Yes,Neutral,No,Maybe
2025/03/08 12:34:30 AM GMT+5:30,10-18 years,Male,Mandya ,Yes,No,No,"No, definitely",Not enough new technology,No,Overuse of water resources,Not sure,No,Very supportive,No,Yes
2025/03/08 12:35:39 AM GMT+5:30,10-18 years,Female,Kabinahali ,Yes,Yes,No,"No, definitely",Not enough new technology,Not sure,High cost of irrigation systems,No,Not sure,Not supportive,Yes,Maybe
2025/03/08 12:37:52 AM GMT+5:30,31-45 years,Male,Sanahanahali,No,Yes,No,"Yes, definitely",Climate change (changes in weather),No,Overuse of water resources,No,Yes,Supportive,No,No
2025/03/08 12:39:00 AM GMT+5:30,46-60 years,Male,Doodi,No,Yes,Yes,"No, definitely",Not enough new technology,Not sure,Overuse of water resources,Not sure,No,Not sure,Yes,Yes
2025/03/08 12:40:26 AM GMT+5:30,46-60 years,Male,Ksnakapura,Not sure,Yes,No,"Yes, definitely",Climate change (changes in weather),No,Unpredictable weather,No,Yes,Supportive,No,Yes
2025/03/08 12:41:13 AM GMT+5:30,31-45 years,Female,Malavali,No,Yes,Yes,"Yes, definitely",Not enough new technology,Yes,Lack of access to water,No,No,,Yes,
2025/03/08 12:42:22 AM GMT+5:30,31-45 years,Male,Madarali ,No,Yes,Yes,"No, definitely",Climate change (changes in weather),Yes,Unpredictable weather,Yes,No,Supportive,Yes,No
2025/03/08 12:43:13 AM GMT+5:30,19-30 years,Female,Kadiluvagilu ,Yes,Yes,No,"No, definitely",Not enough new technology,No,Lack of access to water,No,Yes,Supportive,Yes,Yes
2025/03/08 12:44:07 AM GMT+5:30,19-30 years,Male,Madarali ,Yes,Yes,Yes,"Yes, definitely",Climate change (changes in weather),Yes,Overuse of water resources,Yes,Yes,Very supportive,Yes,Yes
2025/03/08 12:45:34 AM GMT+5:30,19-30 years,Female,Kadiluvagilu,No,No,No,"No, definitely",Too much water used,No,Lack of access to water,No,No,Not supportive,No,
2025/03/08 12:46:39 AM GMT+5:30,10-18 years,Female,Kanakapura,No,Yes,No,"Yes, definitely",Not enough new technology,No,Lack of access to water,No,No,Neutral,No,No
2025/03/08 12:47:35 AM GMT+5:30,46-60 years,Female,Madarahali,Yes,Yes,No,"Yes, definitely",Not enough new technology,No,Overuse of water resources,No,No,Not supportive,Yes,No
2025/03/08 12:48:41 AM GMT+5:30,10-18 years,Male,Harvali,Yes,No,No,"Yes, definitely",Not enough new technology,No,Lack of access to water,No,Yes,Supportive,No,No
2025/03/08 12:49:40 AM GMT+5:30,19-30 years,Male,Mysore,Yes,Yes,No,"Yes, definitely",Climate change (changes in weather),Yes,Unpredictable weather,No,No,Very supportive,Yes,Yes
2025/03/08 12:50:47 AM GMT+5:30,19-30 years,Male,Kadiluvagilu,No,Yes,No,"No, definitely",Climate change (changes in weather),Yes,Lack of access to water,No,Yes,Not supportive,Yes,Yes
2025/03/08 12:51:53 AM GMT+5:30,31-45 years,Male,Kengeri ,No,Yes,Yes,"No, definitely",Too much water used,Yes,Lack of access to water,No,No,Neutral,Yes,Yes
2025/03/08 12:53:27 AM GMT+5:30,19-30 years,Female,Malavali,Yes,Yes,No,"No, definitely",Climate change (changes in weather),No,Overuse of water resources,No,No,Neutral,Yes,Yes
2025/03/08 12:54:20 AM GMT+5:30,46-60 years,Female,Bedadi ,Yes,Yes,Yes,"No, definitely",Not enough new technology,No,Overuse of water resources,No,No,Neutral,Yes,No
2025/03/08 12:55:21 AM GMT+5:30,46-60 years,Male,Chanapatan ,No,No,Yes,"No, definitely",Not enough new technology,Yes,Unpredictable weather,No,Yes,Neutral,Yes,Yes
2025/03/08 12:56:31 AM GMT+5:30,19-30 years,Male,Halali ,Yes,No,Yes,"Yes, definitely",Climate change (changes in weather),No,Lack of access to water,No,Yes,Neutral,Yes,No
2025/03/08 12:57:24 AM GMT+5:30,10-18 years,Male,??????,No,No,No,"No, definitely",Climate change (changes in weather),No,Lack of access to water,Yes,Yes,Supportive,No,Maybe
2025/03/08 12:58:17 AM GMT+5:30,10-18 years,Female,Jalali,No,Yes,Yes,"Yes, definitely",Climate change (changes in weather),Yes,Unpredictable weather,Yes,No,Very supportive,Yes,No
2025/03/08 12:59:08 AM GMT+5:30,19-30 years,Male,"????????,No""",No,Yes,"No, definitely",Climate change (changes in weather),Yes,Unpredictable weather,No,No,Supportive,No,No,
2025/03/08 12:59:57 AM GMT+5:30,10-18 years,Female,Kalali,No,Yes,No,"No, definitely",Not enough new technology,Yes,Lack of access to water,No,No,Neutral,Yes,Yes
2025/03/08 1:00:42 AM GMT+5:30,46-60 years,Female,Kalali,Yes,Yes,No,"Yes, definitely",Climate change (changes in weather),No,Overuse of water resources,No,No,Neutral,Yes,No
2025/03/08 1:01:31 AM GMT+5:30,31-45 years,Female,Halali,Yes,No,Yes,"Yes, definitely",Not enough new technology,No,Lack of access to water,No,No,Neutral,Yes,No
2025/03/08 1:02:18 AM GMT+5:30,10-18 years,Male,Jalali,No,No,No,"No, definitely",Not enough new technology,No,Lack of access to water,No,No,Neutral,No,No
2025/03/08 1:02:55 AM GMT+5:30,19-30 years,Male,Palali,Yes,Yes,Yes,"Yes, definitely",Climate change (changes in weather),Yes,Unpredictable weather,Yes,Yes,Neutral,Yes,Yes
2025/03/08 1:03:40 AM GMT+5:30,31-45 years,Male,Talali,No,Yes,No,"Yes, definitely",Not enough new technology,No,Overuse of water resources,No,Yes,Neutral,Yes,Yes
2025/03/08 1:04:31 AM GMT+5:30,31-45 years,Male,Yarali ,Yes,No,No,"No, definitely",Not enough new technology,No,Lack of access to water,No,Yes,Very supportive,Yes,Yes
2025/03/08 1:05:15 AM GMT+5:30,46-60 years,Male,Kalali,Yes,No,No,"Yes, definitely",Not enough new technology,No,Lack of access to water,No,Yes,Neutral,Yes,No
2025/03/08 1:06:28 AM GMT+5:30,46-60 years,Female,Karkali ,Yes,Yes,Yes,"No, definitely",Too much water used,Yes,High cost of irrigation systems,No,No,Not supportive,No,Maybe
2025/03/08 1:07:39 AM GMT+5:30,46-60 years,Female,?????? beeta ,No,No,Yes,"Yes, definitely",Too much water used,Yes,Overuse of water resources,No,Not sure,Supportive,No,No
2025/03/08 1:08:28 AM GMT+5:30,10-18 years,Female,Harvali,No,No,No,"Yes, definitely",Climate change (changes in weather),Yes,Unpredictable weather,Yes,No,Neutral,No,Maybe
2025/03/08 1:09:28 AM GMT+5:30,19-30 years,Male,Kanakapura,Not sure,Not sure,Not sure,Not sure,Too much water used,Yes,Lack of access to water,No,No,Neutral,Yes,Yes
2025/03/08 1:10:25 AM GMT+5:30,19-30 years,Female,Devnali,Yes,No,No,"Yes, definitely",Too much water used,Yes,Lack of access to water,No,No,Neutral,Yes,Yes
2025/03/08 1:11:08 AM GMT+5:30,46-60 years,Male,Karkali,Yes,No,Yes,"No, definitely",Too much water used,No,Lack of access to water,No,No,Not supportive,Yes,No
2025/03/08 1:11:57 AM GMT+5:30,46-60 years,Male,Devnali,No,Yes,Yes,"No, definitely",Not enough new technology,No,Lack of access to water,No,No,Supportive,Yes,Yes
2025/03/08 1:12:50 AM GMT+5:30,31-45 years,Male,Doodl,No,No,No,"Yes, definitely",Climate change (changes in weather),No,Overuse of water resources,Yes,No,Neutral,Yes,No
2025/03/08 1:13:47 AM GMT+5:30,46-60 years,Male,Kadilubagilu,Yes,Yes,No,"Yes, definitely",Not enough new technology,No,Overuse of water resources,No,Yes,Not supportive,Yes,No
2025/03/08 1:14:28 AM GMT+5:30,10-18 years,Male,Kalali,Yes,Yes,Yes,"Yes, definitely",Climate change (changes in weather),Yes,Unpredictable weather,Yes,Yes,Neutral,Yes,No
2025/03/08 1:15:33 AM GMT+5:30,10-18 years,Male,Madarali,Yes,No,Yes,"Yes, definitely",Not enough new technology,Yes,Lack of access to water,No,Not sure,Neutral,Yes,No
2025/03/08 1:16:31 AM GMT+5:30,31-45 years,Male,Sunaganahli,No,No,No,"No, definitely",Too much water used,No,Lack of access to water,Yes,Yes,Not supportive,No,Yes
2025/03/08 1:17:24 AM GMT+5:30,10-18 years,Male,Madevpura ,Yes,Yes,No,"Yes, definitely",Not enough new technology,No,Overuse of water resources,No,Not sure,Supportive,No,Maybe
2025/03/08 1:18:32 AM GMT+5:30,31-45 years,Male,Madevpura,Yes,Yes,Yes,"Yes, definitely",Climate change (changes in weather),No,Lack of access to water,No,Yes,Neutral,Yes,Yes
2025/03/08 1:19:18 AM GMT+5:30,19-30 years,Male,Madevpura,Yes,Yes,Yes,"Yes, definitely",Climate change (changes in weather),Yes,Unpredictable weather,Yes,Yes,Very supportive,Yes,Yes
2025/03/08 1:20:27 AM GMT+5:30,31-45 years,Female,Madevpura,No,No,No,"Yes, definitely",Climate change (changes in weather),No,Overuse of water resources,Not sure,No,Neutral,No,No
2025/03/08 1:21:24 AM GMT+5:30,19-30 years,Male,Kanakapura,No,No,No,"No, definitely",Not enough new technology,No,Overuse of water resources,No,No,Neutral,Yes,Yes
2025/03/08 1:22:26 AM GMT+5:30,19-30 years,Male,Doodi,No,No,No,"Yes, definitely",Too much water used,No,Lack of access to water,No,No,Very supportive,Yes,Yes
2025/03/08 1:23:21 AM GMT+5:30,46-60 years,Male,Km Doodi,No,Yes,Yes,"Yes, definitely",Climate change (changes in weather),Yes,Lack of access to water,Yes,No,Neutral,Yes,No
2025/03/08 1:24:18 AM GMT+5:30,46-60 years,Female,Km doodi,No,Yes,No,"Yes, definitely",Not enough new technology,Not sure,Lack of access to water,Yes,Yes,Very supportive,No,Yes
2025/03/08 1:25:13 AM GMT+5:30,10-18 years,Male,Kalali,No,No,No,"No, definitely",Too much water used,No,Overuse of water resources,No,Yes,Neutral,Yes,No
2025/03/08 1:26:11 AM GMT+5:30,19-30 years,Male,Hnuru ,No,No,No,Not sure,Not enough new technology,No,Lack of access to water,Yes,No,Neutral,No,Yes
2025/03/08 1:26:59 AM GMT+5:30,10-18 years,Female,Hnuru,Yes,Yes,Yes,"Yes, definitely",Climate change (changes in weather),Not sure,Unpredictable weather,Yes,No,Supportive,Yes,No
2025/03/08 1:27:47 AM GMT+5:30,31-45 years,Male,Hnuru,No,No,No,"No, definitely",Too much water used,No,Lack of access to water,Yes,Yes,Neutral,Yes,No
2025/03/08 1:28:47 AM GMT+5:30,46-60 years,Male,Mandya,Yes,Yes,No,"No, definitely",Not enough new technology,Yes,Lack of access to water,No,Yes,Supportive,Yes,No
2025/03/08 1:30:36 AM GMT+5:30,10-18 years,Male,Kanakapura,Not sure,Yes,No,"No, definitely",Not enough new technology,No,Overuse of water resources,No,Not sure,Not supportive,No,No
2025/03/08 1:31:23 AM GMT+5:30,10-18 years,Male,Mysore,Yes,Yes,Yes,"Yes, definitely",Climate change (changes in weather),Yes,Unpredictable weather,Yes,Yes,Neutral,Yes,Yes
2025/03/08 1:32:24 AM GMT+5:30,19-30 years,Male,Mysore ,No,Yes,Yes,"No, definitely",Climate change (changes in weather),Yes,Unpredictable weather,Yes,No,Supportive,Yes,Yes
2025/03/08 1:33:07 AM GMT+5:30,31-45 years,Male,Mysore,No,No,No,"Yes, definitely",Climate change (changes in weather),No,Lack of access to water,No,Yes,Supportive,Yes,Yes
2025/03/08 1:33:52 AM GMT+5:30,31-45 years,Male,Mysore,No,Yes,No,"Yes, definitely",Climate change (changes in weather),No,Unpredictable weather,No,Yes,Neutral,Yes,Yes
2025/03/08 1:34:32 AM GMT+5:30,31-45 years,Male,Mysore,No,No,Yes,"No, definitely",Too much water used,No,Lack of access to water,No,No,Supportive,Yes,Yes
2025/03/08 1:35:19 AM GMT+5:30,46-60 years,Male,Mysore,Yes,No,No,Not sure,Not enough new technology,Yes,Overuse of water resources,No,No,Neutral,Yes,Yes
2025/03/08 1:36:03 AM GMT+5:30,10-18 years,Female,Mysore,No,No,No,"No, definitely",Not enough new technology,Yes,Lack of access to water,No,No,Neutral,Yes,Yes
2025/03/08 1:36:53 AM GMT+5:30,19-30 years,Female,Mysore ,Yes,Yes,No,"No, definitely",Too much water used,No,Overuse of water resources,No,No,Not sure,Yes,No
2025/03/08 1:37:40 AM GMT+5:30,31-45 years,Female,Mysore,Yes,No,No,"No, definitely",Not enough new technology,Yes,Lack of access to water,No,No,Neutral,Yes,Yes
2025/03/08 1:38:19 AM GMT+5:30,31-45 years,Female,Mysore,Yes,No,Yes,"No, definitely",Not enough new technology,Yes,Unpredictable weather,No,No,Supportive,Yes,Yes
2025/03/08 1:38:57 AM GMT+5:30,46-60 years,Female,Mysore,Yes,Yes,Yes,"No, definitely",Climate change (changes in weather),Yes,Lack of access to water,No,No,Very supportive,Yes,Yes
2025/03/08 1:40:02 AM GMT+5:30,10-18 years,Male,Doddi,Yes,Yes,No,"No, definitely",Climate change (changes in weather),No,Lack of access to water,No,Yes,Supportive,Yes,Yes
2025/03/08 1:40:42 AM GMT+5:30,19-30 years,Male,Doddi,Yes,No,No,"No, definitely",Too much water used,Yes,Lack of access to water,Yes,Yes,Very supportive,No,No
2025/03/08 1:41:26 AM GMT+5:30,19-30 years,Male,Doddi,Yes,Not sure,Not sure,Not sure,Too much water used,No,High cost of irrigation systems,No,No,Very supportive,Yes,Yes
2025/03/08 1:42:11 AM GMT+5:30,31-45 years,Male,Doddi,Not sure,Not sure,Not sure,Not sure,Not enough new technology,Yes,Unpredictable weather,No,Not sure,Neutral,No,No
2025/03/08 1:42:55 AM GMT+5:30,31-45 years,Male,Doddi,No,No,No,"No, definitely",Too much water used,No,Lack of access to water,Not sure,Not sure,Not sure,Yes,Yes
2025/03/08 1:43:35 AM GMT+5:30,46-60 years,Male,Doddi,Not sure,Yes,Yes,"Yes, definitely",Climate change (changes in weather),No,Lack of access to water,Not sure,No,Supportive,Yes,No
2025/03/08 1:44:15 AM GMT+5:30,10-18 years,Female,Doddi,No,No,Yes,"Yes, definitely",Too much water used,No,Unpredictable weather,No,Not sure,Supportive,No,Yes
2025/03/08 1:44:57 AM GMT+5:30,19-30 years,Female,Doddi,Yes,No,Yes,"No, definitely",Climate change (changes in weather),No,Overuse of water resources,Yes,No,Neutral,No,Yes
2025/03/08 1:45:45 AM GMT+5:30,31-45 years,Female,Doddi,No,Yes,Yes,"No, definitely",Climate change (changes in weather),Yes,Overuse of water resources,Yes,No,Supportive,Yes,No
2025/03/08 1:46:31 AM GMT+5:30,31-45 years,Female,Doddi,Yes,No,Yes,"Yes, definitely",Climate change (changes in weather),No,Unpredictable weather,No,Yes,Neutral,No,Maybe
2025/03/08 1:47:27 AM GMT+5:30,46-60 years,Female,Doddi,No,Yes,Yes,"Yes, definitely",Climate change (changes in weather),No,Lack of access to water,No,Yes,Supportive,Yes,Yes
2025/03/08 1:48:22 AM GMT+5:30,46-60 years,Female,Doddi,No,Yes,No,"No, definitely",Too much water used,Not sure,High cost of irrigation systems,Yes,No,Neutral,No,No
2025/03/08 1:49:10 AM GMT+5:30,10-18 years,Male,Mysore,No,Yes,Yes,"No, definitely",Not enough new technology,No,Overuse of water resources,Yes,Yes,Not supportive,Yes,Yes
2025/03/08 1:50:05 AM GMT+5:30,19-30 years,Male,Mysore,Yes,Yes,Yes,"No, definitely",Climate change (changes in weather),No,Lack of access to water,No,Yes,Neutral,No,Yes
2025/03/08 1:50:48 AM GMT+5:30,31-45 years,Male,Mysore,No,No,No,"No, definitely",Too much water used,No,High cost of irrigation systems,No,No,Neutral,Yes,Yes
2025/03/08 1:51:33 AM GMT+5:30,19-30 years,Male,Mysore,Yes,No,No,"No, definitely",Too much water used,No,Overuse of water resources,No,No,Not supportive,Yes,Yes
2025/03/08 1:52:16 AM GMT+5:30,31-45 years,Male,Mysore,Yes,No,No,"Yes, definitely",Climate change (changes in weather),Yes,Lack of access to water,Yes,Yes,Neutral,Yes,No
2025/03/08 1:53:07 AM GMT+5:30,31-45 years,Male,Mysore,No,No,Not sure,Not sure,Too much water used,No,Overuse of water resources,Yes,Yes,Neutral,No,No
2025/03/08 1:53:45 AM GMT+5:30,31-45 years,Male,Mysore,No,Yes,No,"Yes, definitely",Not enough new technology,No,Lack of access to water,Not sure,Not sure,Neutral,No,No
2025/03/08 1:54:30 AM GMT+5:30,46-60 years,Male,Mysore,No,Yes,No,"Yes, definitely",Not enough new technology,No,Overuse of water resources,Not sure,Not sure,Supportive,No,No
2025/03/08 1:55:20 AM GMT+5:30,10-18 years,Female,Mysore,No,No,Yes,"Yes, definitely",Climate change (changes in weather),Yes,Unpredictable weather,Yes,No,Supportive,No,Yes
2025/03/08 1:56:05 AM GMT+5:30,19-30 years,Female,Mysore,Yes,Yes,No,"No, definitely",Too much water used,No,Lack of access to water,No,No,Neutral,No,Yes
2025/03/08 1:56:46 AM GMT+5:30,31-45 years,Female,Mysore,No,No,Yes,"Yes, definitely",Not enough new technology,Yes,Unpredictable weather,No,No,Not supportive,No,Yes
2025/03/08 1:57:28 AM GMT+5:30,31-45 years,Female,Mysore ,No,Not sure,No,"No, definitely",Too much water used,Yes,Lack of access to water,Not sure,No,Very supportive,Yes,No
2025/03/08 7:31:33 AM GMT+5:30,10-18 years,Male,Ramanagara ,Yes,Yes,Yes,"Yes, definitely",Climate change (changes in weather),Yes,Unpredictable weather,No,Yes,Very supportive,Yes,Yes
2025/03/08 7:32:35 AM GMT+5:30,19-30 years,Male,Ramanagara,Yes,Yes,Yes,"Yes, definitely",Climate change (changes in weather),Yes,Unpredictable weather,Yes,Yes,Very supportive,Yes,Yes
2025/03/08 7:33:33 AM GMT+5:30,31-45 years,Male,Ramanagara,Yes,Yes,Yes,"Yes, definitely",Climate change (changes in weather),Yes,Unpredictable weather,Yes,Yes,Very supportive,Yes,Yes
2025/03/08 7:35:02 AM GMT+5:30,46-60 years,Male,Ramanagara,Yes,Yes,Yes,"Yes, definitely",Climate change (changes in weather),Yes,Lack of access to water,Yes,Yes,Very supportive,Yes,Yes
2025/03/08 7:35:52 AM GMT+5:30,10-18 years,Female,Ramanagara ,Yes,Yes,Yes,"Yes, definitely",Climate change (changes in weather),Yes,Unpredictable weather,Yes,Yes,Very supportive,Yes,Yes
2025/03/08 7:36:50 AM GMT+5:30,10-18 years,Female,Ramanagara ,Yes,Yes,Yes,"Yes, definitely",Climate change (changes in weather),Yes,Unpredictable weather,Yes,No,Very supportive,Yes,No
2025/03/08 7:37:46 AM GMT+5:30,19-30 years,Female,Ramanagara ,Yes,Yes,Yes,"No, definitely",Climate change (changes in weather),Yes,Lack of access to water,No,No,Neutral,Yes,No
2025/03/08 7:38:36 AM GMT+5:30,31-45 years,Female,Ramanagara ,No,Yes,Yes,"No, definitely",Not enough new technology,Yes,Unpredictable weather,No,Yes,Supportive,Yes,No
2025/03/08 7:39:27 AM GMT+5:30,46-60 years,Female,Ramanagara ,Yes,Yes,No,"No, definitely",Not enough new technology,Yes,Unpredictable weather,Yes,No,Very supportive,Yes,Yes
2025/03/08 7:40:23 AM GMT+5:30,10-18 years,Male,Bidadi ,Yes,Yes,Yes,"No, definitely",Too much water used,No,Overuse of water resources,Yes,Yes,Very supportive,Yes,No
2025/03/08 7:41:16 AM GMT+5:30,19-30 years,Male,Bidadi,Yes,No,No,"No, definitely",Too much water used,No,Unpredictable weather,No,Not sure,Neutral,No,Maybe
2025/03/08 7:42:03 AM GMT+5:30,31-45 years,Male,Bidadi,No,Yes,Yes,"No, definitely",Climate change (changes in weather),Yes,Unpredictable weather,Yes,No,Very supportive,No,Maybe
2025/03/08 7:42:48 AM GMT+5:30,31-45 years,Male,Bidadi,No,Yes,Not sure,"No, definitely",Too much water used,Not sure,Lack of access to water,No,No,Neutral,No,Maybe
2025/03/08 7:43:47 AM GMT+5:30,31-45 years,Male,Bidadi,Yes,Yes,Yes,"Yes, definitely",Not enough new technology,No,Unpredictable weather,Yes,No,Very supportive,Yes,Yes
2025/03/08 7:44:41 AM GMT+5:30,46-60 years,Male,Bidadi,Yes,No,Yes,"Yes, definitely",Climate change (changes in weather),No,Unpredictable weather,No,Not sure,Neutral,No,No
2025/03/08 7:45:40 AM GMT+5:30,10-18 years,Female,Bidadi,No,No,No,"No, definitely",Not enough new technology,Not sure,Overuse of water resources,No,No,Neutral,No,No
2025/03/08 7:46:37 AM GMT+5:30,19-30 years,Female,Bidadi ,Yes,No,Yes,"No, definitely",Too much water used,Not sure,Lack of access to water,Not sure,Not sure,Neutral,No,No
2025/03/08 7:47:27 AM GMT+5:30,31-45 years,Female,Bidadi ,No,Yes,Yes,"No, definitely",Climate change (changes in weather),No,Lack of access to water,No,No,Very supportive,Yes,No
2025/03/08 7:48:09 AM GMT+5:30,31-45 years,Female,Bidadi ,Yes,No,Yes,"No, definitely",Climate change (changes in weather),Yes,Lack of access to water,No,No,Not supportive,No,Yes
2025/03/08 7:48:55 AM GMT+5:30,46-60 years,Female,Bidadi ,Yes,Yes,No,"No, definitely",Climate change (changes in weather),No,Lack of access to water,Yes,Yes,Very supportive,No,No
2025/03/08 7:49:41 AM GMT+5:30,46-60 years,Female,Bidadi,No,No,No,"No, definitely",Climate change (changes in weather),No,Lack of access to water,No,No,Neutral,No,Yes
2025/03/08 7:50:48 AM GMT+5:30,10-18 years,Male,Nidagatt ,Yes,Yes,Yes,"Yes, definitely",Climate change (changes in weather),Yes,Lack of access to water,No,Not sure,Very supportive,Yes,No
2025/03/08 7:51:50 AM GMT+5:30,19-30 years,Male,Nidagatt,Yes,No,No,Not sure,Too much water used,No,Overuse of water resources,Not sure,Not sure,Supportive,No,Yes
2025/03/08 7:52:41 AM GMT+5:30,19-30 years,Male,Nidagatt,No,Yes,No,"Yes, definitely",Climate change (changes in weather),Yes,Lack of access to water,Yes,Not sure,Not supportive,No,No
2025/03/08 7:53:27 AM GMT+5:30,31-45 years,Male,Nidagatt ,Yes,No,No,"No, definitely",Too much water used,Yes,Lack of access to water,Yes,Not sure,Not supportive,Yes,Yes
2025/03/08 7:54:18 AM GMT+5:30,31-45 years,Male,Nidagatt ,Yes,No,Yes,Not sure,Climate change (changes in weather),Yes,Overuse of water resources,No,Not sure,Not supportive,Yes,No
2025/03/08 7:55:11 AM GMT+5:30,31-45 years,Male,Nidagatt ,Yes,Not sure,No,"No, definitely",Climate change (changes in weather),Not sure,Lack of access to water,No,Not sure,Supportive,No,Yes
2025/03/08 7:56:00 AM GMT+5:30,31-45 years,Male,Nidagatt,Yes,Not sure,Not sure,"No, definitely",Too much water used,No,Unpredictable weather,No,Not sure,Supportive,Yes,Yes
2025/03/08 7:56:46 AM GMT+5:30,31-45 years,Male,Nidagatt,No,No,Not sure,Not sure,Too much water used,No,Overuse of water resources,Not sure,Not sure,Neutral,No,Maybe
2025/03/08 7:57:29 AM GMT+5:30,46-60 years,Male,Nidagatt,No,Not sure,Yes,Not sure,Climate change (changes in weather),No,Lack of access to water,No,Yes,Supportive,No,Maybe
2025/03/08 7:58:20 AM GMT+5:30,46-60 years,Male,Nidagatt,Yes,No,No,"No, definitely",Climate change (changes in weather),Yes,Overuse of water resources,No,Not sure,Supportive,Yes,Yes
2025/03/08 7:59:13 AM GMT+5:30,10-18 years,Female,Nidagatt,Not sure,No,No,"No, definitely",Too much water used,No,Lack of access to water,No,Yes,Neutral,Yes,Maybe
2025/03/08 7:59:56 AM GMT+5:30,19-30 years,Female,Nidagatt,No,No,No,"Yes, definitely",Too much water used,No,High cost of irrigation systems,No,Yes,Neutral,No,No
2025/03/08 8:00:39 AM GMT+5:30,19-30 years,Female,Nidagatt,No,Not sure,Yes,"No, definitely",Too much water used,Yes,Lack of access to water,,Yes,Supportive,Yes,Maybe
2025/03/08 8:01:23 AM GMT+5:30,31-45 years,,Nidagatt,No,No,No,"Yes, definitely",Not enough new technology,No,Lack of access to water,No,No,Not sure,No,No
2025/03/08 8:02:05 AM GMT+5:30,31-45 years,Female,Nidagatt,Yes,No,Yes,"No, definitely",Climate change (changes in weather),Yes,Overuse of water resources,No,No,Neutral,No,No
2025/03/08 8:02:52 AM GMT+5:30,31-45 years,Female,Nidagatt,Yes,No,No,Not sure,Too much water used,Not sure,High cost of irrigation systems,No,Not sure,Very supportive,No,No
2025/03/08 8:03:45 AM GMT+5:30,31-45 years,Female,Nidagatt,Not sure,Not sure,No,"Yes, definitely",Climate change (changes in weather),Not sure,Lack of access to water,Not sure,No,Very supportive,Yes,No
2025/03/08 8:04:30 AM GMT+5:30,31-45 years,Female,Nidagatt,No,No,No,"No, definitely",Too much water used,Not sure,Lack of access to water,Not sure,No,Very supportive,Yes,Yes
2025/03/08 8:05:16 AM GMT+5:30,46-60 years,Female,Nidagatt,Yes,Yes,Not sure,"No, definitely",Climate change (changes in weather),No,Lack of access to water,Yes,No,Supportive,No,No
2025/03/08 8:06:10 AM GMT+5:30,10-18 years,Male,Palali ,Yes,Yes,No,"Yes, definitely",Too much water used,No,Overuse of water resources,No,No,Not supportive,No,No
2025/03/08 8:06:59 AM GMT+5:30,19-30 years,Male,Palali ,Yes,Yes,No,"Yes, definitely",Not enough new technology,No,Unpredictable weather,Yes,No,Very supportive,No,Maybe
2025/03/08 8:08:04 AM GMT+5:30,31-45 years,Male,Palali,Yes,No,Yes,"Yes, definitely",Climate change (changes in weather),Not sure,Overuse of water resources,Not sure,Not sure,Neutral,Yes,Maybe
2025/03/08 8:08:50 AM GMT+5:30,31-45 years,Male,Palali,No,Yes,No,"No, definitely",Too much water used,No,Unpredictable weather,Yes,No,Supportive,No,Yes
2025/03/08 8:09:34 AM GMT+5:30,31-45 years,Male,Palali,No,Not sure,Not sure,"No, definitely",Not enough new technology,No,Lack of access to water,No,Not sure,Not supportive,No,No
2025/03/08 8:10:16 AM GMT+5:30,19-30 years,Male,Palali,No,Yes,No,"Yes, definitely",Climate change (changes in weather),Yes,Unpredictable weather,Yes,Not sure,Supportive,Yes,Maybe
2025/03/08 8:14:44 AM GMT+5:30,10-18 years,Male,Palali,No,Yes,Not sure,"No, definitely",Not enough new technology,No,Lack of access to water,Not sure,No,Very supportive,No,No
2025/03/08 8:15:32 AM GMT+5:30,19-30 years,Male,Palali,Yes,No,Not sure,Not sure,Too much water used,Yes,Unpredictable weather,No,Yes,Supportive,Yes,Maybe
2025/03/08 8:16:11 AM GMT+5:30,19-30 years,Male,Palali,Yes,Yes,Yes,"Yes, definitely",Climate change (changes in weather),Yes,Lack of access to water,Yes,No,Supportive,Yes,Yes
2025/03/08 8:16:55 AM GMT+5:30,31-45 years,Male,Palali,No,No,No,Not sure,Too much water used,No,Overuse of water resources,No,No,Neutral,No,No
2025/03/08 8:17:35 AM GMT+5:30,46-60 years,Male,Palali,No,No,No,"No, definitely",Too much water used,No,Overuse of water resources,No,No,Supportive,Yes,No
2025/03/08 8:23:21 AM GMT+5:30,10-18 years,Female,Palali,No,Yes,Yes,"No, definitely",Climate change (changes in weather),No,Lack of access to water,Not sure,No,Supportive,No,No
2025/03/08 8:24:11 AM GMT+5:30,19-30 years,Female,Palali,No,No,No,Not sure,Too much water used,No,Lack of access to water,No,Yes,Supportive,No,Maybe
2025/03/08 8:25:02 AM GMT+5:30,19-30 years,Female,Palali,Yes,Yes,No,"No, definitely",Too much water used,No,Lack of access to water,No,No,Not supportive,Yes,Yes
2025/03/08 8:25:49 AM GMT+5:30,19-30 years,Female,Palali,No,Not sure,No,Not sure,Not enough new technology,No,Lack of access to water,No,No,Neutral,No,No
2025/03/08 8:26:43 AM GMT+5:30,31-45 years,Female,Palali,Yes,Yes,Yes,"Yes, definitely",Not enough new technology,No,High cost of irrigation systems,Not sure,No,Neutral,No,No
2025/03/08 8:27:21 AM GMT+5:30,31-45 years,Female,Palali,No,No,Not sure,"No, definitely",Climate change (changes in weather),No,Lack of access to water,No,No,Neutral,No,No
2025/03/08 8:28:03 AM GMT+5:30,31-45 years,Female,Palali,No,No,No,"No, definitely",Not enough new technology,No,Lack of access to water,No,No,Not supportive,Yes,No
2025/03/08 8:28:49 AM GMT+5:30,31-45 years,Female,Palali,No,Yes,No,"No, definitely",Not enough new technology,No,Lack of access to water,Yes,Not sure,Supportive,Yes,Yes
2025/03/08 8:29:36 AM GMT+5:30,31-45 years,Female,Palali,No,No,Yes,"No, definitely",Climate change (changes in weather),No,High cost of irrigation systems,Not sure,No,Very supportive,No,Yes
2025/03/08 8:30:19 AM GMT+5:30,46-60 years,Female,Palali,No,Not sure,No,Not sure,Climate change (changes in weather),Yes,Lack of access to water,No,Not sure,Supportive,No,No
2025/03/08 8:31:23 AM GMT+5:30,10-18 years,Male,Maduru ,Yes,Yes,No,Not sure,Not enough new technology,Yes,Unpredictable weather,Not sure,No,Neutral,No,No
2025/03/08 8:32:22 AM GMT+5:30,19-30 years,Male,Maduru ,Yes,No,No,Not sure,Climate change (changes in weather),Yes,Unpredictable weather,No,Yes,Neutral,No,No
2025/03/08 8:33:11 AM GMT+5:30,31-45 years,Male,Maduru,No,No,No,"Yes, definitely",Not enough new technology,No,Unpredictable weather,No,Yes,Neutral,Yes,No
2025/03/08 8:33:54 AM GMT+5:30,31-45 years,Male,Maduru,No,Yes,No,Not sure,Not enough new technology,Not sure,Overuse of water resources,Not sure,No,Very supportive,Yes,Maybe
2025/03/08 8:34:46 AM GMT+5:30,31-45 years,Male,Maduru,Yes,No,No,"No, definitely",Climate change (changes in weather),No,Lack of access to water,No,Not sure,Not supportive,No,Maybe
2025/03/08 8:35:39 AM GMT+5:30,31-45 years,Male,Maduur ,Yes,No,No,"Yes, definitely",Climate change (changes in weather),Yes,Lack of access to water,No,Not sure,Neutral,Yes,No
2025/03/08 8:36:29 AM GMT+5:30,46-60 years,Male,Maduru,No,No,No,"No, definitely",Too much water used,No,Lack of access to water,No,No,Neutral,Yes,No
2025/03/08 8:37:11 AM GMT+5:30,10-18 years,Female,Maduru,No,No,Not sure,Not sure,Too much water used,Not sure,High cost of irrigation systems,No,No,Supportive,No,Yes
2025/03/08 8:37:57 AM GMT+5:30,19-30 years,Female,Maduru,Yes,No,No,"No, definitely",Not enough new technology,Yes,Unpredictable weather,Yes,No,Supportive,No,Yes
2025/03/08 8:38:38 AM GMT+5:30,19-30 years,Female,Maduru,Yes,No,Yes,"Yes, definitely",Not enough new technology,Yes,Lack of access to water,Not sure,Not sure,Supportive,No,
2025/03/08 8:39:18 AM GMT+5:30,31-45 years,Female,Maduru,No,No,No,"Yes, definitely",Not enough new technology,No,Unpredictable weather,Yes,Yes,Very supportive,No,Yes
2025/03/08 8:39:59 AM GMT+5:30,46-60 years,Female,Maduru,Yes,Yes,Yes,"No, definitely",Climate change (changes in weather),Yes,Lack of access to water,Not sure,Not sure,Neutral,Yes,No
2025/03/08 8:40:48 AM GMT+5:30,10-18 years,Male,Halali,No,No,No,"No, definitely",Not enough new technology,No,Unpredictable weather,No,No,Neutral,Yes,Yes
2025/03/08 8:41:44 AM GMT+5:30,19-30 years,Male,Halali,No,No,No,"No, definitely",Not enough new technology,No,Overuse of water resources,No,Yes,Supportive,No,No
2025/03/08 8:42:27 AM GMT+5:30,19-30 years,Male,Halali,Yes,Yes,No,"No, definitely",Climate change (changes in weather),No,Unpredictable weather,No,No,Supportive,Yes,Maybe
2025/03/08 8:43:08 AM GMT+5:30,31-45 years,Male,Halali,Yes,No,No,Not sure,Too much water used,No,Overuse of water resources,Yes,No,Neutral,Yes,Yes
2025/03/08 8:43:55 AM GMT+5:30,31-45 years,Male,Halali,No,No,Not sure,"No, definitely",Climate change (changes in weather),No,High cost of irrigation systems,No,No,Neutral,No,Yes
2025/03/08 8:44:44 AM GMT+5:30,19-30 years,Male,Halali,Yes,No,No,Not sure,Not enough new technology,Not sure,Overuse of water resources,No,No,Supportive,No,Yes
2025/03/08 8:45:23 AM GMT+5:30,31-45 years,Male,Halali,Not sure,No,No,"No, definitely",Not enough new technology,Yes,Unpredictable weather,Not sure,No,,No,No
2025/03/08 8:46:10 AM GMT+5:30,31-45 years,Male,Halali,Yes,No,Yes,"No, definitely",Not enough new technology,No,Overuse of water resources,Not sure,Not sure,Supportive,Yes,Yes
2025/03/08 8:46:52 AM GMT+5:30,31-45 years,Male,Halali,No,Not sure,Yes,"Yes, definitely",Not enough new technology,Not sure,Unpredictable weather,No,Not sure,Not sure,No,Yes
2025/03/08 8:47:39 AM GMT+5:30,31-45 years,Male,Halali,No,No,Yes,"No, definitely",Not enough new technology,No,Overuse of water resources,Not sure,Not sure,Neutral,No,No
2025/03/08 8:48:23 AM GMT+5:30,46-60 years,Male,Halali,Yes,No,Not sure,"No, definitely",Too much water used,No,Lack of access to water,No,Yes,Supportive,No,No
2025/03/08 8:49:19 AM GMT+5:30,10-18 years,Female,Halali,No,No,Yes,"Yes, definitely",Climate change (changes in weather),Yes,Unpredictable weather,Not sure,No,Not sure,No,Yes
2025/03/08 8:51:52 AM GMT+5:30,19-30 years,Female,Halali,Yes,Not sure,No,"No, definitely",Climate change (changes in weather),No,High cost of irrigation systems,No,No,Neutral,No,No
2025/03/08 8:52:38 AM GMT+5:30,31-45 years,Female,Halali,No,No,No,Not sure,Climate change (changes in weather),Not sure,Lack of access to water,No,No,Supportive,No,Yes
2025/03/08 8:53:37 AM GMT+5:30,31-45 years,Female,Halali,No,Not sure,No,Not sure,Not enough new technology,No,Overuse of water resources,Yes,Not sure,Supportive,Yes,Yes
2025/03/08 8:54:18 AM GMT+5:30,31-45 years,,Halali,No,Not sure,No,"No, definitely",Climate change (changes in weather),Yes,Unpredictable weather,Not sure,No,Supportive,Yes,No
2025/03/08 8:55:02 AM GMT+5:30,31-45 years,Female,Halali,No,No,Not sure,"No, definitely",Not enough new technology,Yes,Overuse of water resources,No,No,Neutral,No,Maybe
2025/03/08 8:55:52 AM GMT+5:30,31-45 years,Female,Halali,Not sure,No,No,"No, definitely",Too much water used,No,Unpredictable weather,Not sure,Not sure,Neutral,Yes,
2025/03/08 8:56:40 AM GMT+5:30,46-60 years,Female,Halali,No,No,No,Not sure,Not enough new technology,Yes,Lack of access to water,Not sure,Not sure,Neutral,No,Yes
2025/03/08 8:57:43 AM GMT+5:30,10-18 years,Male,Doddi,No,No,No,"No, definitely",Too much water used,Yes,Overuse of water resources,No,No,Very supportive,No,No
2025/03/08 8:58:38 AM GMT+5:30,19-30 years,Male,Doddi,Yes,No,Not sure,"No, definitely",Climate change (changes in weather),No,Lack of access to water,Yes,Not sure,Neutral,No,Yes
2025/03/08 8:59:31 AM GMT+5:30,19-30 years,Male,Doddi,Yes,No,Yes,"No, definitely",Not enough new technology,Yes,Overuse of water resources,Yes,Yes,Supportive,No,No
2025/03/08 9:01:00 AM GMT+5:30,31-45 years,Male,Doddi,No,No,No,Not sure,Not enough new technology,No,High cost of irrigation systems,Not sure,No,Neutral,Yes,No
2025/03/08 9:02:33 AM GMT+5:30,31-45 years,Male,Doddi,No,No,Yes,"No, definitely",Climate change (changes in weather),No,High cost of irrigation systems,No,No,Very supportive,No,No
2025/03/08 9:03:17 AM GMT+5:30,31-45 years,Male,Doddi,No,Not sure,Yes,Not sure,Climate change (changes in weather),No,Overuse of water resources,Not sure,Not sure,Very supportive,No,Yes
2025/03/08 9:04:08 AM GMT+5:30,31-45 years,Male,Xoddi,No,No,Not sure,"Yes, definitely",Too much water used,No,Lack of access to water,No,No,Not supportive,Yes,Yes
2025/03/08 9:05:11 AM GMT+5:30,31-45 years,Female,Doddi,No,Not sure,Yes,Not sure,Climate change (changes in weather),Not sure,High cost of irrigation systems,Not sure,Not sure,Supportive,Yes,No
2025/03/08 9:06:31 AM GMT+5:30,31-45 years,Female,Doddi,No,Not sure,Not sure,"No, definitely",Too much water used,No,Lack of access to water,No,No,Neutral,No,
2025/03/08 9:07:29 AM GMT+5:30,46-60 years,Female,Doddi,Yes,No,No,"No, definitely",Climate change (changes in weather),No,Overuse of water resources,Not sure,No,Supportive,No,No
2025/03/08 10:43:34 AM GMT+5:30,31-45 years,Female,Mandya,Yes,No,No,"No, definitely",Too much water used,No,Lack of access to water,No,No,Neutral,Yes,Yes
2025/03/08 10:43:58 AM GMT+5:30,46-60 years,Female,Mysuru,No,No,No,"No, definitely",Too much water used,No,Overuse of water resources,No,Not sure,Neutral,No,No
2025/03/08 10:44:22 AM GMT+5:30,31-45 years,Female,Malavalli ,Yes,Yes,No,"No, definitely",Climate change (changes in weather),Yes,Unpredictable weather,Yes,No,Supportive,Yes,Yes
2025/03/08 10:44:51 AM GMT+5:30,31-45 years,Male,Bangalore ,Yes,Yes,No,"No, definitely",Climate change (changes in weather),Yes,Unpredictable weather,Yes,No,Neutral,Yes,No
2025/03/08 10:45:34 AM GMT+5:30,46-60 years,Female,Kanakapura ,Yes,No,No,"Yes, definitely",Climate change (changes in weather),No,High cost of irrigation systems,Not sure,Not sure,Neutral,No,No
2025/03/08 10:46:14 AM GMT+5:30,46-60 years,Male,Maddur,No,No,No,"No, definitely",Too much water used,No,Lack of access to water,No,No,Neutral,No,Yes
2025/03/08 10:47:05 AM GMT+5:30,46-60 years,Female,Mysuru,No,Yes,No,"No, definitely",Not enough new technology,Yes,High cost of irrigation systems,Yes,No,Supportive,Yes,Yes
2025/03/08 10:47:50 AM GMT+5:30,19-30 years,Male,Kankapura ,Yes,No,Yes,"No, definitely",Too much water used,No,Lack of access to water,Yes,Not sure,Neutral,No,Yes
2025/03/08 10:48:23 AM GMT+5:30,31-45 years,Female,Andhra Pradesh ,No,No,No,"No, definitely",Climate change (changes in weather),No,Lack of access to water,Not sure,No,Neutral,Yes,Yes
2025/03/08 11:01:22 AM GMT+5:30,10-18 years,Male,Husuru ,No,Yes,Yes,"Yes, definitely",Climate change (changes in weather),Yes,Lack of access to water,Not sure,Not sure,Not sure,No,No
2025/03/08 11:02:17 AM GMT+5:30,19-30 years,Male,Husuru ,No,Yes,No,"No, definitely",Not enough new technology,No,Unpredictable weather,Not sure,No,Not supportive,No,Maybe
2025/03/08 11:03:03 AM GMT+5:30,31-45 years,Male,Husuru ,No,Yes,Yes,"No, definitely",Not enough new technology,No,Overuse of water resources,No,No,Very supportive,Yes,No
2025/03/08 11:04:11 AM GMT+5:30,31-45 years,Male,Husuru ,No,No,No,"No, definitely",Climate change (changes in weather),No,Unpredictable weather,Not sure,No,Neutral,No,No
2025/03/08 11:05:09 AM GMT+5:30,46-60 years,Male,Husuru ,Not sure,No,Not sure,Not sure,Too much water used,No,Lack of access to water,Not sure,Not sure,Not supportive,Yes,No
2025/03/08 11:06:30 AM GMT+5:30,10-18 years,Female,Husuru ,No,No,Yes,"No, definitely",Not enough new technology,Yes,Lack of access to water,Yes,No,Not supportive,Yes,No
2025/03/08 11:07:13 AM GMT+5:30,19-30 years,Female,Husuru ,No,Not sure,Not sure,Not sure,Too much water used,Not sure,Unpredictable weather,No,No,Neutral,No,No
2025/03/08 11:08:35 AM GMT+5:30,19-30 years,Female,Husuru ,No,No,No,"No, definitely",Climate change (changes in weather),No,Unpredictable weather,Yes,Not sure,Supportive,Yes,No
2025/03/08 11:26:35 AM GMT+5:30,19-30 years,Male,Husuru ,Yes,No,No,"No, definitely",Too much water used,Not sure,Overuse of water resources,No,No,Supportive,No,Maybe
2025/03/09 12:15:12 PM GMT+5:30,10-18 years,Male,Mandya ,Yes,No,Yes,Not sure,Not enough new technology,Not sure,Lack of access to water,Yes,No,Not supportive,Yes,Yes
2025/03/09 12:15:32 PM GMT+5:30,19-30 years,Male,Mysuru,,Yes,No,"No, definitely",Too much water used,Not sure,High cost of irrigation systems,Not sure,Not sure,Not supportive,No,No
2025/03/09 12:19:54 PM GMT+5:30,19-30 years,Male,Kankapura ,No,No,No,"Yes, definitely",Not enough new technology,No,Lack of access to water,Yes,No,Supportive,Yes,Yes
2025/03/09 12:24:20 PM GMT+5:30,19-30 years,Female,Mysuru,No,No,No,"Yes, definitely",Not enough new technology,Yes,Overuse of water resources,No,No,Not supportive,No,No
2025/03/09 12:24:38 PM GMT+5:30,31-45 years,Female,Kankapura ,No,No,Not sure,"No, definitely",Not enough new technology,Yes,Overuse of water resources,Not sure,Not sure,Supportive,No,No
2025/03/09 12:25:06 PM GMT+5:30,19-30 years,Male,Hubballi ,No,No,No,"Yes, definitely",Not enough new technology,Not sure,Unpredictable weather,Yes,No,Neutral,Yes,No
2025/03/09 12:25:28 PM GMT+5:30,46-60 years,Male,Tamilnadu ,Yes,Yes,No,"No, definitely",Too much water used,No,Unpredictable weather,Not sure,No,Neutral,Yes,No
2025/03/09 12:25:55 PM GMT+5:30,46-60 years,Female,Andhra Pradesh ,No,No,No,"No, definitely",Too much water used,Not sure,Overuse of water resources,Yes,Yes,Neutral,Yes,Maybe
2025/03/09 12:26:15 PM GMT+5:30,19-30 years,Female,Maddur,No,Yes,No,"Yes, definitely",Climate change (changes in weather),Yes,Lack of access to water,No,No,Supportive,No,No
2025/03/09 12:26:33 PM GMT+5:30,46-60 years,Female,Maddur ,Yes,No,No,"No, definitely",Too much water used,Yes,Overuse of water resources,Yes,Not sure,Neutral,No,No
2025/03/09 12:26:51 PM GMT+5:30,31-45 years,Male,Malavalli ,No,Yes,No,"Yes, definitely",Climate change (changes in weather),No,Overuse of water resources,Yes,No,Supportive,Yes,No
2025/03/09 12:27:09 PM GMT+5:30,31-45 years,Female,Mandya,No,Not sure,No,Not sure,Too much water used,Not sure,Overuse of water resources,Not sure,Yes,Neutral,Yes,No
2025/03/09 12:27:28 PM GMT+5:30,19-30 years,Female,Maddur,No,No,Not sure,Not sure,Climate change (changes in weather),No,Overuse of water resources,No,Yes,Neutral,Yes,No
2025/03/09 12:27:45 PM GMT+5:30,31-45 years,Male,Malavalli ,No,Not sure,No,"No, definitely",Too much water used,No,Lack of access to water,No,No,Neutral,Yes,No
2025/03/09 12:28:02 PM GMT+5:30,31-45 years,Female,Mysuru,No,Yes,Yes,"Yes, definitely",Climate change (changes in weather),No,Unpredictable weather,Yes,Not sure,Not supportive,Yes,Yes
2025/03/09 12:28:20 PM GMT+5:30,31-45 years,Female,Ap,No,Not sure,No,"No, definitely",Not enough new technology,No,Overuse of water resources,Not sure,No,Very supportive,Yes,No
2025/03/09 12:28:37 PM GMT+5:30,31-45 years,Prefer not to say,Malavalli ,No,No,No,"Yes, definitely",Too much water used,No,Lack of access to water,No,Yes,Neutral,Yes,No
2025/03/09 12:29:52 PM GMT+5:30,19-30 years,Female,Monday ,No,No,Yes,Not sure,Too much water used,No,Unpredictable weather,Yes,No,Supportive,Yes,Yes
2025/03/09 12:30:22 PM GMT+5:30,19-30 years,Female,Malavalli ,No,Not sure,No,"No, definitely",Not enough new technology,No,Overuse of water resources,No,Yes,Not supportive,Yes,No
2025/03/09 12:30:40 PM GMT+5:30,31-45 years,Male,Mysuru,Not sure,Yes,No,"Yes, definitely",Too much water used,Yes,Overuse of water resources,Not sure,Not sure,Neutral,Yes,No
2025/03/09 12:30:58 PM GMT+5:30,19-30 years,Female,Bangalore ,No,No,No,Not sure,Not enough new technology,Not sure,Lack of access to water,Not sure,No,Neutral,No,Maybe
2025/03/09 12:31:23 PM GMT+5:30,10-18 years,Male,Mandya,No,No,Not sure,"No, definitely",Climate change (changes in weather),No,Overuse of water resources,No,Not sure,Neutral,Yes,Yes
2025/03/09 12:31:43 PM GMT+5:30,19-30 years,Male,Bangalore ,No,No,No,"Yes, definitely",Climate change (changes in weather),Yes,Overuse of water resources,Yes,Yes,Neutral,Yes,No
2025/03/09 12:32:10 PM GMT+5:30,19-30 years,Female,Mandya,No,Not sure,No,"No, definitely",Too much water used,Not sure,Overuse of water resources,Yes,No,Supportive,Yes,No
2025/03/09 12:32:37 PM GMT+5:30,19-30 years,Female,Mandya ,No,,No,Not sure,Not enough new technology,No,Unpredictable weather,No,Yes,Neutral,Yes,No
2025/03/09 12:33:08 PM GMT+5:30,19-30 years,Male,Mandya ,No,No,Yes,Not sure,Too much water used,No,Unpredictable weather,No,Yes,Neutral,Yes,Yes
2025/03/09 12:34:26 PM GMT+5:30,19-30 years,Female,Mysuru ,Yes,Yes,Yes,Not sure,Not enough new technology,Yes,Unpredictable weather,No,No,Supportive,Yes,Yes
2025/03/09 12:34:49 PM GMT+5:30,19-30 years,Male,Mysuru ,No,No,No,"Yes, definitely",Not enough new technology,Yes,Lack of access to water,Yes,No,Supportive,Yes,Yes
2025/03/09 12:35:18 PM GMT+5:30,10-18 years,Male,Kanakapura ,Yes,No,No,"No, definitely",Climate change (changes in weather),No,Unpredictable weather,No,No,Neutral,Yes,No
2025/03/09 12:35:46 PM GMT+5:30,31-45 years,Female,Malavalli ,Yes,No,Yes,"No, definitely",Not enough new technology,Yes,Lack of access to water,No,No,Neutral,Yes,No
2025/03/09 12:36:07 PM GMT+5:30,19-30 years,Male,Maddur,Yes,Not sure,No,"No, definitely",Not enough new technology,No,Lack of access to water,Not sure,Not sure,Not sure,Yes,No
2025/03/09 12:36:29 PM GMT+5:30,19-30 years,Female,Kankapura ,No,No,No,Not sure,Not enough new technology,Yes,Lack of access to water,No,No,Neutral,No,Maybe
2025/03/09 12:36:56 PM GMT+5:30,31-45 years,Female,Kollegala ,Yes,No,No,"Yes, definitely",Not enough new technology,No,Lack of access to water,No,No,Supportive,Yes,No
2025/03/09 12:37:18 PM GMT+5:30,19-30 years,Male,Malavalli ,Yes,No,No,"No, definitely",Not enough new technology,No,Lack of access to water,Not sure,No,Supportive,Yes,Yes
2025/03/09 12:37:39 PM GMT+5:30,31-45 years,Female,Mysuru,Yes,Yes,No,Not sure,Too much water used,No,Overuse of water resources,Yes,No,Supportive,Yes,No
2025/03/09 12:38:04 PM GMT+5:30,19-30 years,Female,Bangalore ,Yes,No,No,Not sure,Too much water used,Yes,Lack of access to water,No,Yes,Neutral,Yes,No
2025/03/09 12:39:03 PM GMT+5:30,19-30 years,Male,Ap,No,Yes,No,"Yes, definitely",Not enough new technology,Yes,Unpredictable weather,No,Not sure,Neutral,Yes,No
2025/03/09 12:39:23 PM GMT+5:30,19-30 years,Male,Maddur ,No,Yes,Not sure,"No, definitely",Too much water used,No,Overuse of water resources,Not sure,Not sure,Supportive,No,Yes
2025/03/09 12:39:52 PM GMT+5:30,19-30 years,Male,Mandya ,No,Yes,No,Not sure,Too much water used,Yes,Lack of access to water,No,Not sure,Neutral,Yes,Yes
2025/03/09 12:40:12 PM GMT+5:30,19-30 years,Male,Kollegala ,Yes,No,No,"No, definitely",Too much water used,Not sure,Lack of access to water,Yes,No,Neutral,No,No
2025/03/09 12:40:41 PM GMT+5:30,10-18 years,Male,Tamilnadu ,Not sure,No,No,"No, definitely",Too much water used,No,Lack of access to water,Yes,Not sure,Supportive,Yes,No
2025/03/09 12:41:01 PM GMT+5:30,31-45 years,Female,Tumkur ,No,No,No,"No, definitely",Not enough new technology,Not sure,Lack of access to water,Not sure,Not sure,Neutral,Yes,Yes
2025/03/09 12:41:20 PM GMT+5:30,19-30 years,Female,Malavalli ,No,Yes,No,"No, definitely",Too much water used,Yes,Overuse of water resources,No,Not sure,Supportive,No,Yes
2025/03/09 12:41:39 PM GMT+5:30,19-30 years,Male,Mysuru ,Yes,Yes,No,"No, definitely",Not enough new technology,No,Overuse of water resources,No,Yes,Supportive,Yes,Yes
2025/03/09 12:42:11 PM GMT+5:30,19-30 years,Female,Uttar pradesh ,No,No,No,"Yes, definitely",Not enough new technology,Yes,High cost of irrigation systems,No,No,Not supportive,Yes,Yes
2025/03/09 12:42:38 PM GMT+5:30,19-30 years,Female,Mandya ,No,No,No,Not sure,Not enough new technology,Yes,Overuse of water resources,Not sure,No,Supportive,Yes,No
2025/03/09 12:43:08 PM GMT+5:30,31-45 years,Male,Mysuru,No,Yes,No,Not sure,Not enough new technology,No,Lack of access to water,Not sure,No,Neutral,Yes,Yes
2025/03/09 12:43:32 PM GMT+5:30,19-30 years,Female,Mandya,Yes,No,No,"No, definitely",Not enough new technology,Yes,Overuse of water resources,No,Yes,Supportive,Yes,Yes
2025/03/09 12:44:06 PM GMT+5:30,31-45 years,Male,Kankapura ,No,No,No,"No, definitely",Not enough new technology,Not sure,Overuse of water resources,Not sure,Not sure,Supportive,Yes,Yes
2025/03/09 12:44:49 PM GMT+5:30,31-45 years,Female,Mandya,No,Yes,No,"No, definitely",Not enough new technology,Yes,Overuse of water resources,Not sure,Not sure,Supportive,Yes,Yes
2025/03/09 12:45:08 PM GMT+5:30,19-30 years,Male,Ap,No,No,Yes,Not sure,Not enough new technology,Not sure,Unpredictable weather,Yes,No,Supportive,No,Yes
2025/03/09 12:45:29 PM GMT+5:30,10-18 years,Male,Mandya ,No,Yes,Yes,"No, definitely",Not enough new technology,Yes,High cost of irrigation systems,No,Yes,Not supportive,No,No
2025/03/09 12:45:51 PM GMT+5:30,19-30 years,Male,Bangalore ,Yes,No,No,"No, definitely",Not enough new technology,No,Unpredictable weather,No,No,Supportive,Yes,
2025/03/09 12:46:16 PM GMT+5:30,31-45 years,Male,Mysuru,No,Yes,Not sure,"Yes, definitely",Too much water used,No,Lack of access to water,Not sure,No,Supportive,No,Yes
2025/03/09 12:47:19 PM GMT+5:30,19-30 years,Male,Kanakapura ,No,No,No,"No, definitely",Not enough new technology,Yes,Lack of access to water,No,Yes,Supportive,Yes,Yes
2025/03/09 12:47:40 PM GMT+5:30,19-30 years,Male,Bangalore ,No,No,No,"No, definitely",Not enough new technology,Yes,Lack of access to water,No,No,Supportive,No,Yes
2025/03/09 12:48:03 PM GMT+5:30,19-30 years,Male,Tumkur ,Yes,Yes,No,"No, definitely",Climate change (changes in weather),No,Lack of access to water,Not sure,Not sure,Supportive,Yes,Yes
2025/03/09 12:48:24 PM GMT+5:30,19-30 years,Female,Maddur ,Yes,No,Not sure,Not sure,Not enough new technology,No,High cost of irrigation systems,No,No,Supportive,No,Yes
2025/03/09 12:50:59 PM GMT+5:30,19-30 years,Female,Bangalore ,Yes,No,No,"No, definitely",Not enough new technology,No,Overuse of water resources,No,No,Neutral,Yes,No
2025/03/09 12:51:25 PM GMT+5:30,19-30 years,Female,Bangalore ,Yes,Yes,Yes,"No, definitely",Not enough new technology,No,Lack of access to water,No,No,Supportive,Yes,Yes
2025/03/09 12:52:05 PM GMT+5:30,31-45 years,Female,Tumkur,No,No,No,"No, definitely",Not enough new technology,Yes,Lack of access to water,No,No,Supportive,Yes,Yes
2025/03/09 12:52:43 PM GMT+5:30,19-30 years,Female,Mysuru,Yes,No,Yes,"Yes, definitely",Not enough new technology,Yes,Lack of access to water,Yes,No,Supportive,Yes,Yes
2025/03/09 12:53:16 PM GMT+5:30,19-30 years,Male,Kollegala ,No,Yes,No,"No, definitely",Climate change (changes in weather),No,Lack of access to water,No,Yes,Neutral,Yes,Yes
2025/03/09 12:53:47 PM GMT+5:30,19-30 years,Female,Mandya ,Yes,No,Yes,"Yes, definitely",Not enough new technology,No,Lack of access to water,No,No,Neutral,Yes,No
2025/03/09 12:54:25 PM GMT+5:30,19-30 years,Male,Mysuru,Yes,No,Yes,"No, definitely",Not enough new technology,No,Lack of access to water,No,Yes,Neutral,Yes,Yes
2025/03/09 12:54:50 PM GMT+5:30,19-30 years,Female,Kankapura ,Not sure,Yes,No,"No, definitely",Too much water used,Yes,Overuse of water resources,Yes,No,Neutral,Yes,Yes
2025/03/10 6:58:59 AM GMT+5:30,19-30 years,Female,Mandya,Yes,No,No,"Yes, definitely",Not enough new technology,Yes,Unpredictable weather,No,No,Not supportive,Yes,No
2025/03/10 6:59:19 AM GMT+5:30,19-30 years,Male,Mysuru ,Yes,Not sure,No,"No, definitely",Too much water used,Yes,Lack of access to water,No,No,Supportive,Yes,Yes
2025/03/10 6:59:37 AM GMT+5:30,31-45 years,Female,Kollegala ,No,Not sure,No,"No, definitely",Too much water used,No,Unpredictable weather,Not sure,Not sure,Neutral,Yes,No
2025/03/10 7:00:02 AM GMT+5:30,19-30 years,Prefer not to say,Maddur,No,No,No,"No, definitely",Climate change (changes in weather),Not sure,Unpredictable weather,No,Yes,Neutral,Yes,No
2025/03/10 7:00:23 AM GMT+5:30,19-30 years,Female,Mandya,No,No,Yes,"No, definitely",Not enough new technology,No,Overuse of water resources,Not sure,No,Supportive,Yes,No
2025/03/10 7:00:52 AM GMT+5:30,31-45 years,Female,Andhra Pradesh ,Yes,No,No,"Yes, definitely",Not enough new technology,No,Lack of access to water,No,No,Supportive,Yes,No
2025/03/10 7:01:53 AM GMT+5:30,19-30 years,Female,Mandya ,No,Yes,Not sure,"No, definitely",Too much water used,Yes,Overuse of water resources,Not sure,No,Neutral,Yes,Yes
2025/03/10 7:02:28 AM GMT+5:30,31-45 years,Female,Mysuru,Yes,Yes,Yes,"No, definitely",Too much water used,No,Lack of access to water,Yes,No,Supportive,Yes,No
2025/03/10 7:02:52 AM GMT+5:30,31-45 years,Male,Mandya,Yes,Yes,Not sure,Not sure,Too much water used,No,Overuse of water resources,No,No,Neutral,No,Yes
2025/03/10 7:03:19 AM GMT+5:30,31-45 years,Female,Bangalore ,Yes,Yes,Yes,"Yes, definitely",Not enough new technology,No,Unpredictable weather,No,No,Supportive,Yes,Yes
2025/03/10 7:10:06 AM GMT+5:30,19-30 years,Male,Mysuru,Yes,Not sure,Not sure,"Yes, definitely",Not enough new technology,No,Lack of access to water,Yes,No,Not supportive,Yes,Yes
2025/03/10 7:10:38 AM GMT+5:30,19-30 years,Male,Mandya,Yes,No,No,"No, definitely",Too much water used,No,Lack of access to water,Yes,No,Supportive,No,No
2025/03/10 7:11:00 AM GMT+5:30,19-30 years,Male,Malavalli ,No,No,No,"Yes, definitely",Not enough new technology,Yes,Lack of access to water,No,Not sure,Neutral,Yes,Yes
2025/03/10 7:11:20 AM GMT+5:30,19-30 years,Female,Bangalore ,Yes,No,No,"No, definitely",Not enough new technology,Yes,Lack of access to water,No,No,Supportive,No,Yes
2025/03/10 7:11:44 AM GMT+5:30,19-30 years,Female,Mandya,No,No,No,"No, definitely",Climate change (changes in weather),Yes,Lack of access to water,Yes,No,Supportive,Yes,Yes
2025/03/10 7:12:06 AM GMT+5:30,10-18 years,Male,Mysuru,No,No,Yes,"No, definitely",Not enough new technology,No,Lack of access to water,No,No,Neutral,Yes,Yes
2025/03/10 7:12:29 AM GMT+5:30,19-30 years,Female,Mandya,No,No,No,"No, definitely",Too much water used,Yes,Overuse of water resources,No,Yes,Very supportive,Yes,Yes
2025/03/10 7:13:02 AM GMT+5:30,31-45 years,Female,Mandya,No,No,No,"Yes, definitely",Not enough new technology,Yes,Lack of access to water,No,Not sure,Neutral,Yes,Yes
2025/03/10 8:15:09 AM GMT+5:30,19-30 years,Female,Mysuru,Yes,Not sure,Not sure,Not sure,Too much water used,No,Overuse of water resources,Yes,Not sure,Neutral,Yes,No
2025/03/10 8:16:35 AM GMT+5:30,19-30 years,Male,Maddur,No,Yes,Yes,"Yes, definitely",Too much water used,Yes,Lack of access to water,Yes,Yes,Neutral,Yes,Yes
